face_name_align,race,race4,gender,age,race_scores_fair,race_scores_fair_4,gender_scores_fair,age_scores_fair,bbox
detected_faces\CFD-AF-236-145-N.jpg,East Asian,Asian,Male,10-19,"[1.2045271e-02 5.5006979e-04 3.5747111e-02 7.9252118e-01 1.1811506e-01
 1.0352448e-02 3.0668914e-02]",[9.0383255e-04 4.5918283e-04 9.9785006e-01 7.8690954e-04],[0.82680446 0.17319554],"[0.00058744 0.14311038 0.57379144 0.20436063 0.04875926 0.02000844
 0.00429128 0.00350805 0.00158305]","[(855, 439) (1600, 1188)]"
detected_faces\CFD-AF-237-223-N.jpg,East Asian,Asian,Female,20-29,"[0.05883664 0.00222151 0.2106786  0.4791777  0.19827239 0.01463852
 0.03617456]",[8.426171e-03 9.440876e-05 9.902324e-01 1.247087e-03],[0.07728341 0.92271656],"[3.7696116e-04 9.4099134e-02 3.0753607e-01 5.1068813e-01 7.3978238e-02
 1.2079770e-02 7.6329045e-04 3.3444993e-04 1.4394516e-04]","[(779, 516) (1527, 1261)]"
detected_faces\CFD-AF-238-185-N.jpg,East Asian,Asian,Male,10-19,"[1.7223662e-02 7.1293308e-04 4.0434193e-02 8.2122505e-01 9.9561244e-02
 5.0090188e-03 1.5833810e-02]",[3.7224291e-04 2.5957285e-03 9.9664503e-01 3.8695920e-04],[0.6191118  0.38088825],"[0.00341026 0.29324883 0.42319423 0.1166342  0.05251967 0.03413291
 0.02104763 0.03140483 0.02440743]","[(779, 516) (1527, 1261)]"
detected_faces\CFD-AF-239-171-N.jpg,East Asian,Asian,Female,20-29,"[0.02573272 0.00547122 0.07153548 0.6897872  0.15654896 0.01589565
 0.03502879]",[0.00320599 0.00227713 0.9899406  0.0045763 ],[0.04022868 0.95977134],"[5.61212481e-04 1.09732114e-01 2.80508578e-01 5.28205872e-01
 6.73076510e-02 1.15642343e-02 1.05925498e-03 6.26501278e-04
 4.34676331e-04]","[(779, 516) (1527, 1261)]"
detected_faces\CFD-AF-240-206-N.jpg,East Asian,Asian,Male,10-19,"[0.01448574 0.00102802 0.10419101 0.45913586 0.26159018 0.07955133
 0.08001789]",[2.1723486e-04 5.4626621e-04 9.9843353e-01 8.0300070e-04],[0.79982686 0.20017314],"[7.5596425e-04 4.5559180e-01 5.1239818e-01 2.5174266e-02 4.3707369e-03
 1.2968952e-03 2.0292267e-04 1.4781371e-04 6.1467850e-05]","[(720, 436) (1616, 1335)]"
detected_faces\CFD-AF-241-141-N.jpg,East Asian,Asian,Female,20-29,"[2.8174279e-02 5.4363598e-04 5.8983121e-02 6.3834971e-01 2.6622269e-01
 2.9446932e-03 4.7818255e-03]",[2.6281807e-03 1.3843020e-04 9.9458027e-01 2.6531282e-03],[9.7896217e-04 9.9902105e-01],"[2.7068140e-04 1.3254000e-01 2.9286364e-01 4.9944049e-01 6.4852335e-02
 9.4544739e-03 3.3344780e-04 1.7936205e-04 6.5580505e-05]","[(855, 516) (1600, 1261)]"
detected_faces\CFD-AF-242-158-N.jpg,East Asian,Asian,Female,10-19,"[0.02603157 0.02565583 0.16787466 0.41236734 0.266933   0.03626023
 0.06487737]",[0.00183959 0.01980702 0.95256114 0.02579221],[0.1137141 0.8862859],"[1.7733063e-03 4.0844178e-01 4.1763371e-01 1.4239059e-01 2.4167350e-02
 4.4803345e-03 4.6917392e-04 3.9084203e-04 2.5291767e-04]","[(720, 436) (1616, 1335)]"
detected_faces\CFD-AF-243-170-N.jpg,East Asian,Asian,Female,3-9,"[1.1508478e-02 3.7554250e-04 5.2014913e-02 6.3806361e-01 2.8346789e-01
 4.6234643e-03 9.9461321e-03]",[0.0022479  0.00148905 0.99399567 0.00226739],[0.00702689 0.9929731 ],"[5.3762726e-04 4.0204129e-01 3.7292901e-01 1.9976865e-01 2.1198016e-02
 3.2406426e-03 1.7565289e-04 7.4148207e-05 3.5064284e-05]","[(855, 516) (1600, 1261)]"
detected_faces\CFD-AF-244-168-N.jpg,East Asian,Asian,Female,10-19,"[0.01055873 0.00742209 0.09540146 0.42494485 0.42164442 0.03212372
 0.00790467]",[9.3367614e-04 2.9370454e-03 9.9116760e-01 4.9617384e-03],[0.06037762 0.9396224 ],"[7.2606397e-04 2.7120933e-01 3.4586671e-01 3.3511195e-01 4.1243039e-02
 5.3142547e-03 2.9495658e-04 1.6291426e-04 7.0837254e-05]","[(720, 348) (1616, 1243)]"
detected_faces\CFD-AF-245-143-N.jpg,East Asian,Asian,Female,10-19,"[0.01423922 0.00526665 0.05720551 0.64175475 0.25322887 0.0113458
 0.01695931]",[6.0285575e-04 1.0677029e-02 9.8623705e-01 2.4830450e-03],[0.30490384 0.69509614],"[0.00065454 0.11876275 0.50509816 0.29302546 0.06175435 0.01506773
 0.0027701  0.00178491 0.00108206]","[(855, 439) (1600, 1188)]"
detected_faces\CFD-AF-246-242-N.jpg,East Asian,Asian,Female,10-19,"[0.01659541 0.00142877 0.06827115 0.6074273  0.266306   0.01788977
 0.02208153]",[8.9203136e-04 2.1693804e-03 9.9359655e-01 3.3420266e-03],[0.01842366 0.9815763 ],"[2.5953742e-04 1.7819163e-01 4.7655815e-01 3.2799998e-01 1.5532425e-02
 1.3905853e-03 3.7965932e-05 2.1858370e-05 7.8226149e-06]",
detected_faces\CFD-AF-247-278-N.jpg,East Asian,Asian,Female,20-29,"[8.057349e-03 3.870110e-04 5.399149e-02 6.444251e-01 2.844795e-01
 5.195015e-03 3.464495e-03]",[9.6208416e-04 4.6804454e-04 9.9780017e-01 7.6966133e-04],[0.00325618 0.99674386],"[1.1899267e-04 9.9550068e-02 3.0112058e-01 5.5133301e-01 4.3676250e-02
 4.0934286e-03 7.2475974e-05 2.9418223e-05 5.7995680e-06]",
detected_faces\CFD-AF-248-148-N.jpg,Southeast Asian,Asian,Female,20-29,"[0.00696972 0.0055899  0.05969878 0.4189411  0.46783793 0.02178044
 0.01918215]",[5.1923917e-04 6.1552357e-02 9.3156141e-01 6.3669640e-03],[0.00642373 0.9935763 ],"[9.7224583e-05 6.3005492e-02 3.4038487e-01 5.5466700e-01 3.8238648e-02
 3.4703519e-03 8.2132945e-05 4.1678202e-05 1.2712619e-05]",
detected_faces\CFD-AF-249-092-N.jpg,East Asian,Asian,Female,20-29,"[0.07556579 0.00520092 0.18715106 0.51007307 0.16484989 0.01919211
 0.03796714]",[0.00368893 0.01041465 0.97779924 0.0080972 ],[0.01812861 0.98187137],"[0.00212065 0.30190605 0.29049462 0.3333416  0.05908606 0.01112578
 0.00091304 0.00064401 0.00036826]",
detected_faces\CFD-AF-250-200-N.jpg,East Asian,Asian,Female,10-19,"[0.00908525 0.00176616 0.11242349 0.5158941  0.31789783 0.03368517
 0.0092479 ]",[0.00246592 0.00216019 0.9869338  0.00844014],[0.00385099 0.99614906],"[1.2124613e-04 1.6402024e-01 4.4093004e-01 3.7891451e-01 1.5093481e-02
 9.0331276e-04 1.2139405e-05 4.1858184e-06 8.5479951e-07]",
detected_faces\CFD-AF-251-093-N.jpg,Latino_Hispanic,Asian,Female,10-19,"[0.01678764 0.021391   0.3080257  0.22855854 0.30218127 0.08956685
 0.03348897]",[0.00102424 0.03592043 0.93417114 0.02888425],[0.02686134 0.9731387 ],"[1.4787445e-04 1.6216469e-01 4.7808266e-01 3.3683261e-01 2.1171715e-02
 1.5352311e-03 3.7145863e-05 2.1474309e-05 6.5651684e-06]",
detected_faces\CFD-AF-252-135-N.jpg,East Asian,Asian,Male,10-19,"[2.72232834e-02 4.51421685e-04 4.23761755e-02 7.34596133e-01
 1.24971375e-01 7.43908249e-03 6.29424900e-02]",[0.001117   0.00263409 0.99465954 0.00158942],[0.8466923 0.1533077],"[1.7662755e-04 7.1052551e-02 5.4697388e-01 3.3804664e-01 3.7628669e-02
 5.4641012e-03 4.6164703e-04 1.5783057e-04 3.8010789e-05]",
detected_faces\CFD-AF-253-130-N.jpg,East Asian,Asian,Female,20-29,"[0.00930633 0.00245151 0.0733677  0.58921915 0.30346093 0.01375306
 0.00844127]",[6.1935140e-04 1.4296580e-04 9.9859977e-01 6.3792517e-04],[0.01956424 0.9804358 ],"[3.3208643e-04 7.6960690e-02 3.2979590e-01 5.1851523e-01 6.4655878e-02
 9.2259711e-03 3.3618606e-04 1.4391249e-04 3.4237513e-05]",
detected_faces\CFD-AF-254-167-N.jpg,East Asian,Asian,Female,10-19,"[0.03819124 0.00974251 0.22971056 0.38816294 0.2232387  0.03806651
 0.07288755]",[8.5985404e-04 1.5530711e-03 9.9505419e-01 2.5328279e-03],[0.394212 0.605788],"[3.8999686e-04 1.3767867e-01 4.3082666e-01 3.5886207e-01 5.8505647e-02
 1.1574538e-02 1.2836193e-03 5.9800490e-04 2.8078569e-04]",
detected_faces\CFD-AF-255-209-N.jpg,East Asian,Asian,Female,3-9,"[0.01838764 0.00243614 0.1366189  0.47709113 0.3007399  0.03655371
 0.02817262]",[0.00267175 0.00172279 0.98005927 0.01554621],[0.02953701 0.970463  ],"[9.9905825e-04 4.1345763e-01 3.9962000e-01 1.5730393e-01 2.3577984e-02
 4.3194853e-03 3.9930583e-04 2.2288310e-04 9.9764278e-05]",
detected_faces\CFD-AM-223-138-N.jpg,East Asian,Asian,Male,10-19,"[0.0176257  0.00209557 0.06119738 0.649879   0.22025786 0.0275833
 0.02136109]",[5.7210034e-04 3.7340994e-04 9.9672818e-01 2.3263404e-03],[0.9980291  0.00197095],"[2.3170456e-04 1.7920502e-01 7.2086161e-01 7.6262526e-02 1.5820483e-02
 5.9851389e-03 1.1074672e-03 4.6023648e-04 6.5772540e-05]",
detected_faces\CFD-AM-224-126-N.jpg,East Asian,Asian,Male,20-29,"[0.01076432 0.00167737 0.07647401 0.46038234 0.37132964 0.0360751
 0.0432972 ]",[9.1025786e-04 6.1235321e-04 9.9750048e-01 9.7682397e-04],[9.992116e-01 7.884410e-04],"[1.1339780e-03 5.1808525e-02 1.4085691e-01 5.8571434e-01 1.7526382e-01
 4.1666366e-02 2.9393912e-03 5.4746395e-04 6.9286893e-05]",
detected_faces\CFD-AM-225-102-N.jpg,East Asian,Asian,Male,20-29,"[1.6525123e-02 2.2290774e-04 5.2878834e-02 6.7755985e-01 1.6363882e-01
 1.6599622e-02 7.2574809e-02]",[2.6434430e-04 1.2899388e-04 9.9745947e-01 2.1472897e-03],[0.9987838  0.00121618],"[2.3658513e-04 2.9923914e-02 3.9275971e-01 4.6241182e-01 9.3872629e-02
 1.8646264e-02 1.6035466e-03 5.0420879e-04 4.1327454e-05]",
detected_faces\CFD-AM-226-234-N.jpg,Southeast Asian,Asian,Male,10-19,"[0.01740249 0.02305137 0.18667153 0.29083562 0.38623157 0.03586143
 0.059946  ]",[1.9221150e-04 4.6174740e-03 9.9296576e-01 2.2245517e-03],[0.97517407 0.02482592],"[1.4685092e-03 1.1976271e-01 4.2439765e-01 3.6753738e-01 6.8208292e-02
 1.5542950e-02 2.0113196e-03 8.2799082e-04 2.4323314e-04]",
detected_faces\CFD-AM-227-184-N.jpg,Southeast Asian,Asian,Male,10-19,"[0.01445519 0.01074218 0.06544056 0.333314   0.45132035 0.07066939
 0.05405828]",[1.3705030e-04 1.3972146e-02 9.8155129e-01 4.3394952e-03],[0.8578247  0.14217533],"[2.46487628e-03 2.55889893e-01 5.36194086e-01 1.51920244e-01
 3.86210382e-02 1.07780835e-02 2.36242963e-03 1.30585663e-03
 4.63524106e-04]",
detected_faces\CFD-AM-228-214-N.jpg,East Asian,Asian,Male,10-19,"[9.03890468e-04 4.74833287e-05 3.75510962e-03 8.76750767e-01
 1.16531126e-01 1.39713334e-03 6.14484074e-04]",[4.3462194e-04 4.2914058e-04 9.9784470e-01 1.2916335e-03],[0.9971574  0.00284264],"[1.3119972e-04 3.8607508e-02 5.1184666e-01 3.4088200e-01 8.2483009e-02
 2.0922665e-02 3.5875659e-03 1.3987412e-03 1.4066369e-04]",
detected_faces\CFD-AM-229-224-N.jpg,East Asian,Asian,Male,10-19,"[0.00681056 0.00087121 0.03338983 0.74432296 0.19931157 0.0102738
 0.00502008]",[1.6395350e-03 2.3629857e-04 9.9532676e-01 2.7974723e-03],[0.9947182  0.00528186],"[3.1386278e-04 5.2864738e-02 4.4373915e-01 3.8708889e-01 8.3610080e-02
 2.3792997e-02 5.4554963e-03 2.6676459e-03 4.6714424e-04]",
detected_faces\CFD-AM-230-150-N.jpg,East Asian,Asian,Male,10-19,"[0.00586312 0.00556298 0.04005862 0.67628616 0.24114649 0.0181722
 0.01291048]",[1.0141772e-04 3.6474103e-03 9.9551827e-01 7.3288608e-04],[0.98247963 0.01752034],"[0.00796623 0.28989267 0.29269072 0.22761159 0.11088715 0.04638467
 0.01288016 0.00862669 0.00306007]",
detected_faces\CFD-AM-231-136-N.jpg,East Asian,Asian,Male,20-29,"[9.1088023e-03 4.2854151e-04 2.6173869e-02 8.4839475e-01 1.0029726e-01
 7.6887221e-03 7.9080136e-03]",[0.00224731 0.0010591  0.9882239  0.00846969],[0.9928737  0.00712627],"[2.4818705e-04 1.9567596e-02 2.7489287e-01 5.6673110e-01 1.1361001e-01
 2.0130856e-02 3.1560857e-03 1.4551190e-03 2.0812763e-04]",
detected_faces\CFD-AM-232-251-N.jpg,East Asian,Asian,Male,20-29,"[0.01571844 0.01149109 0.12420314 0.33568183 0.31571558 0.10665771
 0.09053225]",[0.00158502 0.00261946 0.9840031  0.01179236],[0.9925132  0.00748683],"[0.00164033 0.10884881 0.3007844  0.35569558 0.12845494 0.07789976
 0.01661781 0.00772921 0.00232916]",
detected_faces\CFD-AM-233-236-N.jpg,East Asian,Asian,Male,20-29,"[0.01119666 0.00417383 0.05389465 0.6806516  0.21441287 0.02303579
 0.01263464]",[2.8868823e-04 2.8587263e-03 9.9505913e-01 1.7934586e-03],[0.99034125 0.00965875],"[0.00089068 0.01990053 0.15738185 0.37034792 0.2074361  0.13317764
 0.05864312 0.0414301  0.01079206]",
detected_faces\CFD-AM-234-355-N.jpg,Southeast Asian,Asian,Male,10-19,"[0.00119376 0.00438882 0.0337173  0.40785095 0.53609717 0.01503314
 0.00171894]",[4.3038142e-04 5.7883402e-03 9.8532873e-01 8.4525021e-03],[0.87369555 0.12630445],"[2.9846813e-04 5.9466362e-02 4.7641805e-01 2.8944683e-01 9.6208550e-02
 4.7046214e-02 1.5666628e-02 1.1222933e-02 4.2259637e-03]",
detected_faces\CFD-AM-235-241-N.jpg,Southeast Asian,Black,Male,40-49,"[0.04454028 0.14851166 0.16219038 0.2356781  0.28037858 0.0555848
 0.07311621]",[5.8616698e-04 6.0084718e-01 3.8461161e-01 1.3955071e-02],[0.7444152  0.25558475],"[0.02348047 0.08878032 0.07124054 0.13537069 0.17206915 0.20375939
 0.13490178 0.10538272 0.06501495]",
detected_faces\CFD-AM-236-090-N.jpg,East Asian,Asian,Male,10-19,"[0.0030593  0.00147965 0.017336   0.67343616 0.29485565 0.00644449
 0.00338875]",[3.6679234e-04 3.7491012e-03 9.9504960e-01 8.3446229e-04],[0.99765164 0.00234836],"[1.2953780e-04 5.5436600e-02 5.7632911e-01 3.1300908e-01 4.3318707e-02
 1.0072470e-02 1.2339441e-03 4.0773384e-04 6.2776380e-05]",
detected_faces\CFD-AM-237-154-N.jpg,East Asian,Asian,Male,20-29,"[0.00794127 0.01118447 0.06417462 0.66191214 0.23456867 0.01325741
 0.0069614 ]",[4.9501337e-04 3.6964030e-04 9.9750239e-01 1.6329648e-03],[0.80078954 0.19921042],"[0.00129501 0.08826284 0.26906744 0.38099673 0.14498265 0.06977367
 0.02023024 0.01691847 0.00847294]",
detected_faces\CFD-AM-238-269-N.jpg,East Asian,Asian,Male,10-19,"[2.9641963e-03 2.8669398e-04 1.8677531e-02 8.0354625e-01 1.6186772e-01
 9.5251231e-03 3.1324585e-03]",[1.8669116e-04 2.1156568e-04 9.9868822e-01 9.1345358e-04],[0.9922429  0.00775715],"[0.00219981 0.18899627 0.32164758 0.19540359 0.12579678 0.09816934
 0.03912527 0.02409098 0.00457034]",
detected_faces\CFD-AM-239-147-N.jpg,East Asian,Asian,Male,20-29,"[1.1725727e-03 2.0312218e-04 1.0202364e-02 8.3436435e-01 1.5060538e-01
 2.4153991e-03 1.0367967e-03]",[3.5047936e-04 2.9360532e-04 9.9889511e-01 4.6091029e-04],[9.9934071e-01 6.5925875e-04],"[2.5575699e-05 2.9950517e-03 1.6353577e-01 5.5232841e-01 2.0613523e-01
 6.1858565e-02 1.0098260e-02 2.7970313e-03 2.2618387e-04]",
detected_faces\CFD-AM-240-191-N.jpg,East Asian,Asian,Male,10-19,"[0.00636984 0.00264162 0.03161684 0.7625872  0.1768714  0.01343695
 0.00647613]",[9.2425500e-05 8.5699337e-04 9.9861425e-01 4.3631866e-04],[0.9875363  0.01246367],"[0.00212955 0.19611494 0.45411578 0.15214998 0.08489896 0.06025449
 0.02519915 0.01938112 0.00575609]",
detected_faces\CFD-AM-241-287-N.jpg,East Asian,Asian,Male,10-19,"[8.17967299e-03 4.52715671e-04 2.49407031e-02 7.78946638e-01
 1.69482842e-01 6.35690801e-03 1.16404025e-02]",[1.5584426e-04 4.0817243e-04 9.9887514e-01 5.6092604e-04],[0.9926539  0.00734615],"[2.5759605e-04 3.1720571e-02 4.2648906e-01 3.3670241e-01 1.1980244e-01
 6.0069311e-02 1.4090783e-02 8.9169750e-03 1.9508823e-03]",
detected_faces\CFD-AM-242-176-N.jpg,East Asian,Asian,Male,10-19,"[0.00745165 0.00130076 0.04526364 0.75559264 0.17550957 0.00861776
 0.006264  ]",[2.0115015e-04 1.0516839e-03 9.9826908e-01 4.7805349e-04],[0.9930418  0.00695822],"[3.8973807e-04 1.9545275e-01 6.2435365e-01 1.3398080e-01 3.0374460e-02
 1.1196113e-02 2.6600873e-03 1.3356010e-03 2.5678889e-04]",
detected_faces\CFD-BF-001-025-N.jpg,Indian,Asian,Female,10-19,"[0.00068949 0.03257784 0.04939415 0.05888153 0.36815494 0.48799592
 0.00230614]",[4.0401443e-04 3.3317801e-01 5.2726990e-01 1.3914807e-01],[0.37381253 0.6261875 ],"[1.9447686e-03 4.3053976e-01 4.6358043e-01 8.2642451e-02 1.6093086e-02
 4.2896215e-03 4.3646901e-04 3.3843270e-04 1.3506455e-04]",
detected_faces\CFD-BF-002-001-N.jpg,Indian,Asian,Female,3-9,"[0.00484303 0.10282849 0.06323319 0.16599397 0.31535268 0.33611313
 0.01163542]",[0.00118416 0.23787902 0.59895295 0.16198392],[0.18197799 0.818022  ],"[7.3626069e-03 6.2065393e-01 2.4207051e-01 9.4015956e-02 2.4495590e-02
 8.5878391e-03 1.2630561e-03 9.9638081e-04 5.5417872e-04]",
detected_faces\CFD-BF-023-010-N.jpg,Black,Asian,Female,20-29,"[0.02721306 0.32127914 0.14562336 0.23110224 0.22732642 0.03606445
 0.01139129]",[0.00250437 0.1180196  0.7389053  0.14057069],[0.11154361 0.8884564 ],"[0.00182684 0.04677219 0.18673821 0.48507774 0.21585228 0.05574685
 0.00488819 0.00235355 0.00074423]",
detected_faces\CFD-BF-043-003-N.jpg,Indian,Asian,Male,10-19,"[0.00236617 0.12473313 0.06104839 0.01218254 0.12932494 0.62385833
 0.04648656]",[3.8202817e-04 1.7432503e-01 6.6693318e-01 1.5835975e-01],[0.75014526 0.24985471],"[8.0099591e-04 1.8555987e-01 5.1830244e-01 2.6011899e-01 3.0044947e-02
 4.7263987e-03 2.8016584e-04 1.2753946e-04 3.8685877e-05]",
detected_faces\CFD-BF-200-080-N.jpg,Southeast Asian,Asian,Male,20-29,"[0.01047791 0.10724934 0.23849203 0.09121089 0.493911   0.04585809
 0.01280077]",[2.2455920e-04 4.3013886e-01 5.5687946e-01 1.2757081e-02],[0.8931708 0.1068292],"[0.00552665 0.10338596 0.20209971 0.26395622 0.2177206  0.13688424
 0.04132959 0.01922482 0.00987216]",
detected_faces\CFD-BF-201-080-N.jpg,Black,Black,Female,20-29,"[0.01244841 0.6676833  0.13918185 0.02919779 0.11431404 0.03009558
 0.00707897]",[2.4516901e-04 5.1501644e-01 4.5437732e-01 3.0361144e-02],[0.00923152 0.9907685 ],"[8.1120507e-04 2.0990740e-01 3.2532388e-01 3.5939974e-01 9.6186362e-02
 7.6740617e-03 4.9670925e-04 1.5971367e-04 4.0900093e-05]",
detected_faces\CFD-BF-202-109-N.jpg,Southeast Asian,Asian,Male,10-19,"[0.00101613 0.09730078 0.07599413 0.02224993 0.46569392 0.33167484
 0.00607033]",[1.12483285e-04 3.26473415e-01 6.19372189e-01 5.40418476e-02],[0.9292171  0.07078288],"[0.00120476 0.20259562 0.54256505 0.14215788 0.0622225  0.03283515
 0.00791593 0.00560726 0.00289577]",
detected_faces\CFD-BF-203-184-N.jpg,East Asian,Asian,Female,20-29,"[0.0454791  0.02750044 0.30685386 0.36642268 0.21084143 0.01876902
 0.0241336 ]",[0.01200655 0.00297825 0.96952045 0.01549477],[0.01685921 0.98314077],"[3.0101850e-04 2.1029722e-02 1.6783643e-01 5.3100336e-01 2.2318710e-01
 4.8680902e-02 5.3847791e-03 2.0764172e-03 5.0022150e-04]",
detected_faces\CFD-BF-204-189-N.jpg,Black,Black,Female,20-29,"[1.3954459e-03 9.7089809e-01 1.8197622e-02 1.4818971e-03 7.4647676e-04
 2.9369951e-03 4.3434859e-03]",[4.6675714e-06 9.9938112e-01 4.1509350e-04 1.9914514e-04],[0.00781776 0.99218225],"[1.1765435e-04 3.5878658e-02 1.6064194e-01 4.7023472e-01 2.9084140e-01
 3.4311488e-02 6.0073398e-03 1.7272349e-03 2.3955975e-04]",
detected_faces\CFD-BF-245-178-N.jpg,Southeast Asian,Asian,Male,10-19,"[0.00140055 0.08241162 0.05073798 0.16468117 0.5817793  0.11573099
 0.00325845]",[9.6130076e-05 3.4521887e-01 6.0288274e-01 5.1802218e-02],[0.91575325 0.08424679],"[0.000929   0.09399507 0.39974132 0.21609241 0.11144954 0.10155357
 0.03758075 0.02597613 0.01268222]",
detected_faces\CFD-BF-246-170-N.jpg,Black,Black,Female,20-29,"[0.02136477 0.90674543 0.04002158 0.00152994 0.00165478 0.01075439
 0.01792914]",[4.8490500e-04 9.9392056e-01 4.6723080e-03 9.2222134e-04],[0.04797645 0.95202357],"[3.76122101e-04 3.19649838e-02 1.66859895e-01 4.01972741e-01
 3.44082594e-01 5.01513854e-02 3.75557668e-03 7.35759153e-04
 1.01015234e-04]",
detected_faces\CFD-BF-247-179-N.jpg,Southeast Asian,Asian,Female,20-29,"[0.02958738 0.07970163 0.23524132 0.2715921  0.3439997  0.02613647
 0.01374142]",[0.0014095  0.10432465 0.86758405 0.02668181],[0.02279752 0.9772025 ],"[6.9433235e-04 1.5545021e-01 2.8610209e-01 4.6201167e-01 8.4727198e-02
 1.0543789e-02 3.2819921e-04 1.1259384e-04 3.0011697e-05]",
detected_faces\CFD-BF-248-149-N.jpg,Black,Asian,Female,20-29,"[0.01528346 0.65883046 0.07359125 0.1604381  0.06708689 0.01737241
 0.00739749]",[0.00174808 0.4456902  0.5107648  0.04179696],[0.02357868 0.97642136],"[3.7036082e-04 2.8802801e-02 1.7001624e-01 5.1524949e-01 2.3462637e-01
 4.3993797e-02 4.2077415e-03 1.9878000e-03 7.4539584e-04]",
detected_faces\CFD-BF-249-091-N.jpg,Black,Black,Female,20-29,"[4.7098691e-04 9.6066165e-01 1.1173386e-02 9.6965581e-03 9.8310709e-03
 5.3868610e-03 2.7794712e-03]",[3.4388017e-06 9.9784338e-01 1.9580745e-03 1.9500776e-04],[0.09144081 0.9085592 ],"[1.6257800e-04 2.0552406e-02 2.5892153e-01 3.2678673e-01 2.5198218e-01
 6.7319438e-02 4.2004824e-02 2.6513593e-02 5.7567502e-03]",
detected_faces\CFD-BF-250-121-N.jpg,Southeast Asian,Asian,Female,20-29,"[0.00500438 0.18952659 0.08561748 0.22571786 0.43164662 0.0588042
 0.00368292]",[5.3312193e-04 3.7647876e-01 5.6800371e-01 5.4984413e-02],[0.00980815 0.9901919 ],"[2.3166620e-04 1.3365412e-01 3.5070544e-01 4.5471129e-01 5.4525591e-02
 5.9106271e-03 1.6939617e-04 6.9038928e-05 2.2860904e-05]",
detected_faces\CFD-BF-251-211-N.jpg,Black,Black,Female,10-19,"[0.00290134 0.48128164 0.03914411 0.35853228 0.10569476 0.00648543
 0.00596046]",[1.0861744e-04 8.3103997e-01 1.5569128e-01 1.3160139e-02],[0.15630367 0.84369636],"[2.1210403e-04 5.8973100e-02 5.3285748e-01 3.0905074e-01 7.7112161e-02
 1.4353383e-02 3.9844867e-03 2.5000051e-03 9.5654669e-04]",
detected_faces\CFD-BF-252-191-N.jpg,Southeast Asian,Asian,Male,10-19,"[0.00761516 0.04512081 0.10640975 0.39836782 0.40338844 0.02800502
 0.01109296]",[2.9012273e-04 2.5984141e-01 7.3364711e-01 6.2213526e-03],[0.9439619  0.05603804],"[0.00475403 0.37002397 0.38978982 0.14056101 0.05521315 0.02603409
 0.00746776 0.00429257 0.00186351]",
detected_faces\CFD-BF-253-202-N.jpg,Southeast Asian,Asian,Male,10-19,"[0.00187419 0.02337457 0.05259988 0.2438699  0.45457774 0.21655895
 0.00714473]",[2.2130345e-04 1.6447021e-01 8.0989873e-01 2.5409775e-02],[0.96072763 0.03927242],"[3.8814038e-04 1.1045283e-01 4.7730389e-01 3.6553985e-01 3.8698912e-02
 6.9563319e-03 4.4034573e-04 1.8248193e-04 3.7220030e-05]",
detected_faces\CFD-BF-254-201-N.jpg,East Asian,Asian,Male,10-19,"[0.00185348 0.00225787 0.04764482 0.5832541  0.34681237 0.01385609
 0.00432131]",[1.1100627e-04 5.4350295e-03 9.9063849e-01 3.8154644e-03],[0.9708228  0.02917716],"[1.9459739e-04 5.7141002e-02 4.4085702e-01 3.6762410e-01 9.9506833e-02
 2.9692426e-02 3.8159173e-03 1.0199236e-03 1.4814152e-04]",
detected_faces\CFD-BF-255-140-N.jpg,Latino_Hispanic,Asian,Female,10-19,"[0.00970604 0.22823083 0.49823445 0.05984437 0.12991025 0.04994397
 0.02413005]",[0.00678379 0.04663545 0.7873503  0.15923049],[0.01445851 0.98554146],"[0.00149936 0.14688003 0.42017803 0.27899715 0.11840595 0.02526811
 0.00511696 0.00280411 0.00085027]",
detected_faces\CFD-BM-036-003-N.jpg,Black,Black,Male,20-29,"[0.00099502 0.9005156  0.01901302 0.00925874 0.03781957 0.02756759
 0.00483044]",[8.2158904e-06 9.9330485e-01 6.2053967e-03 4.8152523e-04],[0.94168824 0.05831173],"[1.5616932e-04 1.0040402e-02 2.6042262e-01 5.6745154e-01 1.2660231e-01
 2.8315349e-02 3.8224785e-03 2.1268437e-03 1.0622339e-03]",
detected_faces\CFD-BM-037-033-N.jpg,Southeast Asian,Black,Male,10-19,"[0.00671306 0.3221229  0.09851745 0.15275194 0.3654332  0.03186768
 0.02259381]",[4.3195512e-05 9.0243542e-01 9.6119232e-02 1.4020986e-03],[0.9254266  0.07457341],"[0.00079547 0.04520009 0.37874213 0.32403985 0.12716886 0.06529702
 0.02187634 0.02172311 0.01515717]",
detected_faces\CFD-BM-038-001-N.jpg,East Asian,Asian,Male,20-29,"[0.00418697 0.0097303  0.03296172 0.5600864  0.35162404 0.03059302
 0.01081749]",[4.5439589e-04 1.4589667e-02 9.6737826e-01 1.7577600e-02],[0.9946553  0.00534467],"[0.00329635 0.08680458 0.24969055 0.35023847 0.1807246  0.10024663
 0.01977698 0.00756666 0.00165515]",
detected_faces\CFD-BM-039-029-N.jpg,Black,Black,Male,20-29,"[0.00416912 0.74939954 0.07148003 0.02136633 0.0846587  0.05785176
 0.01107454]",[2.0417366e-04 8.9945805e-01 9.3867630e-02 6.4700469e-03],[0.9254607  0.07453935],"[1.65747269e-03 5.54693751e-02 2.16559231e-01 5.73271811e-01
 1.24667734e-01 2.49793679e-02 2.48236139e-03 6.49310183e-04
 2.63321301e-04]",
detected_faces\CFD-BM-040-002-N.jpg,Black,Black,Male,40-49,"[0.00093092 0.8942959  0.01909111 0.00323944 0.02095301 0.05775528
 0.0037344 ]",[7.7786863e-05 9.8247457e-01 1.0752971e-02 6.6947290e-03],[0.877556   0.12244394],"[0.02066344 0.1294101  0.08535437 0.1002626  0.16090132 0.2266462
 0.12363809 0.09754649 0.05557728]",
detected_faces\CFD-BM-041-035-N.jpg,Indian,Black,Male,10-19,"[0.00269143 0.16418122 0.09736657 0.05537012 0.20255983 0.4610512
 0.01677958]",[2.5859856e-04 5.0143099e-01 4.4440660e-01 5.3903770e-02],[0.97003865 0.02996132],"[2.2024119e-03 2.3098698e-01 4.9307376e-01 2.0259383e-01 4.8565865e-02
 1.7980492e-02 2.7044166e-03 1.4427410e-03 4.4950421e-04]",
detected_faces\CFD-BM-043-071-N.jpg,Southeast Asian,Asian,Male,10-19,"[0.00622667 0.24938446 0.15723799 0.04099816 0.3547835  0.1704414
 0.02092776]",[0.00077729 0.4787281  0.49147096 0.02902373],[0.95509696 0.04490305],"[0.00131964 0.11273272 0.5211977  0.20498313 0.09145107 0.04675389
 0.01163739 0.00660651 0.0033179 ]",
detected_faces\CFD-BM-044-001-N.jpg,Southeast Asian,Black,Male,20-29,"[0.01436013 0.21074465 0.12077919 0.12125036 0.31219634 0.07642141
 0.1442479 ]",[0.0010602  0.7240287  0.23585944 0.03905167],[0.67234796 0.32765204],"[3.0274494e-04 1.2244563e-02 2.3425786e-01 4.2375022e-01 1.9606033e-01
 9.3442619e-02 2.4528470e-02 1.0669382e-02 4.7437861e-03]",
detected_faces\CFD-BM-242-233-N.jpg,Black,Black,Male,20-29,"[0.00099045 0.95861316 0.0101105  0.00287376 0.01041823 0.01223387
 0.00476001]",[8.4645235e-06 9.9484503e-01 4.8832931e-03 2.6328093e-04],[0.91727567 0.08272433],"[0.00185764 0.02386216 0.07761318 0.31416616 0.28661007 0.19292843
 0.05720538 0.03013971 0.01561727]",
detected_faces\CFD-BM-243-218-N.jpg,Black,Black,Male,40-49,"[0.00464165 0.83901    0.03726317 0.00319747 0.00723005 0.09795958
 0.01069813]",[5.438564e-05 9.783000e-01 1.685116e-02 4.794525e-03],[0.57885605 0.42114398],"[0.00032994 0.00195357 0.010828   0.10131263 0.2917743  0.32670155
 0.1650205  0.08293893 0.01914047]",
detected_faces\CFD-BM-244-197-N.jpg,Black,Black,Male,20-29,"[0.00436336 0.81675076 0.03196612 0.03481806 0.04847942 0.04258367
 0.02103854]",[5.7695273e-05 9.3736273e-01 5.2980468e-02 9.5991064e-03],[0.8618831  0.13811685],"[0.0007903  0.01192649 0.07175954 0.3176767  0.27369952 0.19260155
 0.06500041 0.03955847 0.02698698]",
detected_faces\CFD-BM-245-164-N.jpg,Indian,Black,Male,20-29,"[0.01697118 0.08091865 0.15729186 0.05627608 0.07622852 0.42230514
 0.19000864]",[0.0006559  0.437438   0.2918318  0.27007425],[0.86287105 0.137129  ],"[4.7006711e-04 5.4102626e-02 3.8187915e-01 4.4300663e-01 9.1058955e-02
 2.4812521e-02 2.9921383e-03 1.2525104e-03 4.2539561e-04]",
detected_faces\CFD-BM-246-192-N.jpg,Black,Black,Male,10-19,"[0.00268373 0.49969313 0.03872455 0.10522097 0.25868833 0.0772908
 0.01769851]",[1.80011630e-04 8.85694027e-01 1.07329816e-01 6.79614348e-03],[0.774051   0.22594902],"[0.00341125 0.09771248 0.23788153 0.1840723  0.1337673  0.13900894
 0.07495015 0.07529017 0.05390592]",
detected_faces\CFD-BM-247-240-N.jpg,Black,Black,Male,20-29,"[0.0041761  0.5861765  0.08593272 0.0787565  0.17899472 0.05648726
 0.00947619]",[1.1385478e-04 5.7772923e-01 4.1818389e-01 3.9730351e-03],[0.9312257  0.06877427],"[9.7654258e-05 4.1919914e-03 2.1707863e-01 4.9432677e-01 1.5666020e-01
 9.0670802e-02 2.4323182e-02 9.5290858e-03 3.1217549e-03]",
detected_faces\CFD-BM-248-128-N.jpg,Southeast Asian,Black,Male,20-29,"[0.02775706 0.11958205 0.2862121  0.10497721 0.3054876  0.07923484
 0.0767492 ]",[4.0416652e-04 6.3095874e-01 3.5938910e-01 9.2479829e-03],[0.5842128 0.4157872],"[1.4142074e-04 1.5186532e-02 3.2947153e-01 5.1019770e-01 1.1430347e-01
 2.5330912e-02 3.4845639e-03 1.3884343e-03 4.9535284e-04]",
detected_faces\CFD-BM-249-235-N.jpg,Indian,Black,Male,10-19,"[0.00233338 0.2884305  0.08298551 0.0362622  0.24860491 0.3192289
 0.02215458]",[8.6039625e-05 8.6484730e-01 1.2130692e-01 1.3759730e-02],[0.8035871  0.19641294],"[8.9640298e-04 2.1004827e-01 6.1085808e-01 1.4894897e-01 2.2584395e-02
 5.6473278e-03 6.2960235e-04 2.8654785e-04 1.0039350e-04]",
detected_faces\CFD-BM-250-170-N.jpg,Black,Black,Male,3-9,"[0.00145761 0.5031328  0.05387484 0.03711056 0.23219717 0.16828147
 0.00394551]",[1.9620433e-05 9.0050161e-01 9.5813788e-02 3.6649941e-03],[0.80660194 0.1933981 ],"[0.01394496 0.31055364 0.23619261 0.11923788 0.10226971 0.07981984
 0.03718992 0.05403697 0.04675454]",
detected_faces\CFD-BM-251-013-N.jpg,Black,Black,Male,10-19,"[0.00154946 0.8454398  0.02931013 0.01196442 0.05540793 0.04563209
 0.01069627]",[6.435352e-05 9.114831e-01 8.412168e-02 4.330790e-03],[0.71670854 0.28329143],"[0.01111188 0.18217526 0.22909017 0.21792284 0.15962595 0.11015122
 0.03776402 0.03138264 0.02077602]",
detected_faces\CFD-BM-252-161-N.jpg,Southeast Asian,Black,Male,20-29,"[0.00501096 0.13477686 0.08349852 0.08430739 0.5555597  0.12262546
 0.01422113]",[6.95504423e-05 8.70860577e-01 1.21349156e-01 7.72072189e-03],[0.82708675 0.17291321],"[0.01170777 0.15993491 0.2331095  0.2684542  0.1728109  0.07867511
 0.0285476  0.03037379 0.01638623]",
detected_faces\CFD-BM-253-004-N.jpg,Black,Black,Female,30-39,"[4.5775343e-04 9.9509037e-01 2.6230952e-03 1.2683940e-05 1.5048982e-05
 7.8909646e-04 1.0119275e-03]",[1.8870243e-05 9.9945885e-01 3.0192151e-04 2.2025766e-04],[0.04856871 0.9514313 ],"[5.4330343e-05 3.0744404e-03 3.1633686e-02 2.1082000e-01 4.8642212e-01
 1.5015148e-01 8.7358356e-02 2.8090866e-02 2.3946608e-03]",
detected_faces\CFD-LF-200-058-N.jpg,East Asian,Asian,Female,10-19,"[0.0230309  0.00444254 0.0970166  0.6713459  0.1822531  0.00534749
 0.01656355]",[0.00717017 0.00728441 0.9729186  0.01262679],[0.18662304 0.81337696],"[1.2477717e-04 7.1868539e-02 5.4272753e-01 3.3343610e-01 4.4265766e-02
 6.2424252e-03 7.0313923e-04 4.1494178e-04 2.1676428e-04]",
detected_faces\CFD-LF-201-035-N.jpg,East Asian,Asian,Female,10-19,"[0.21173894 0.00523821 0.17523725 0.26115492 0.11631584 0.01935345
 0.21096139]",[5.2777296e-03 7.7323534e-04 9.9367422e-01 2.7478428e-04],[0.15515262 0.8448474 ],"[3.7041472e-04 8.1384256e-02 4.4391003e-01 4.3119761e-01 4.0205095e-02
 2.7640518e-03 1.2388788e-04 3.5481131e-05 9.1732782e-06]",
detected_faces\CFD-LF-202-065-N.jpg,East Asian,Asian,Female,20-29,"[0.14330496 0.00098811 0.05074437 0.673578   0.11274025 0.00419438
 0.0144499 ]",[0.01409158 0.00114606 0.9823429  0.00241947],[0.02164573 0.9783543 ],"[3.7154157e-04 4.7111191e-02 1.2564932e-01 7.1110296e-01 1.0356003e-01
 1.1818986e-02 3.0815337e-04 6.1970983e-05 1.5753521e-05]",
detected_faces\CFD-LF-203-066-N.jpg,East Asian,Asian,Female,10-19,"[0.0244691  0.0045492  0.10631523 0.38398445 0.2633145  0.09572067
 0.12164684]",[0.00253216 0.00181795 0.99225783 0.00339206],[0.32336015 0.67663985],"[5.8990397e-04 1.9387932e-01 5.3045696e-01 2.4781367e-01 2.3666887e-02
 3.0379617e-03 3.3392140e-04 1.6088580e-04 6.0504164e-05]",
detected_faces\CFD-LF-204-133-N.jpg,East Asian,Asian,Female,10-19,"[0.01241756 0.00114446 0.13674892 0.6174907  0.19817688 0.0192096
 0.01481183]",[1.2426928e-03 8.5280550e-04 9.9333960e-01 4.5648990e-03],[0.40742934 0.5925706 ],"[0.00091179 0.24615847 0.45993736 0.20108321 0.05604139 0.02314541
 0.00595763 0.00447493 0.00228986]",
detected_faces\CFD-LF-205-100-N.jpg,Latino_Hispanic,Asian,Female,10-19,"[0.04158636 0.04122344 0.38822603 0.21948473 0.17806554 0.05365964
 0.0777543 ]",[0.0090669  0.06057069 0.9019039  0.02845841],[0.3148828  0.68511724],"[0.0014872  0.27817798 0.50227743 0.14249268 0.04590307 0.01364631
 0.00458077 0.00652863 0.00490584]",
detected_faces\CFD-LF-206-078-N.jpg,Black,Asian,Female,20-29,"[0.04536295 0.3195626  0.23717923 0.2636985  0.06986944 0.01371392
 0.05061334]",[1.7480179e-03 3.8451847e-01 6.1315244e-01 5.8099406e-04],[0.00495403 0.99504596],"[2.1816361e-04 4.9546652e-02 3.0521628e-01 4.9981725e-01 1.3248710e-01
 1.1943164e-02 6.4141332e-04 1.0881598e-04 2.1122538e-05]",
detected_faces\CFD-LF-207-198-N.jpg,Latino_Hispanic,Asian,Female,20-29,"[0.09553637 0.03367757 0.6114115  0.04843896 0.06378081 0.10925802
 0.0378966 ]",[0.03471177 0.26705357 0.5549568  0.14327788],[0.00376159 0.9962384 ],"[3.61646744e-05 2.00221464e-02 2.54268825e-01 6.22995317e-01
 9.70923007e-02 5.47961192e-03 8.90098381e-05 1.48024565e-05
 1.82839017e-06]",
detected_faces\CFD-LF-244-096-N.jpg,East Asian,Asian,Female,20-29,"[0.03135259 0.00077861 0.13300256 0.49057978 0.24290499 0.04177076
 0.05961066]",[0.00162101 0.00256613 0.9813173  0.01449563],[0.00716743 0.99283254],"[8.9220237e-05 1.0049425e-01 3.8895518e-01 4.7311401e-01 3.3323471e-02
 3.9251279e-03 6.2870051e-05 2.7673137e-05 8.1718317e-06]",
detected_faces\CFD-LF-245-166-N.jpg,East Asian,Asian,Female,20-29,"[0.00850537 0.00706073 0.05888616 0.77633923 0.14193334 0.00334465
 0.0039305 ]",[0.00180557 0.00213335 0.9898773  0.00618382],[0.00484004 0.9951599 ],"[9.6672251e-05 3.8268328e-02 3.5832912e-01 5.1618499e-01 7.9163760e-02
 7.6482864e-03 2.0609128e-04 8.2943618e-05 1.9826837e-05]",
detected_faces\CFD-LF-246-129-N.jpg,East Asian,Asian,Female,20-29,"[0.07767182 0.00587397 0.13721633 0.62601316 0.09820319 0.01111832
 0.04390324]",[0.05209977 0.00389422 0.7950724  0.14893365],[0.08347951 0.91652054],"[1.3163118e-04 1.1592431e-02 2.2053173e-01 5.6832188e-01 1.7022221e-01
 2.6457582e-02 1.8396501e-03 7.2321936e-04 1.7962155e-04]",
detected_faces\CFD-LF-247-051-N.jpg,East Asian,Asian,Male,10-19,"[5.6671046e-02 3.3227343e-04 5.4579206e-02 6.8396628e-01 8.0575459e-02
 1.3037870e-02 1.1083784e-01]",[0.01055377 0.00267022 0.9833713  0.00340472],[0.8864886 0.1135114],"[7.1738684e-04 1.8517578e-01 5.6484646e-01 1.9283499e-01 4.4215079e-02
 1.0098666e-02 1.4202917e-03 5.6533248e-04 1.2610333e-04]",
detected_faces\CFD-LF-248-160-N.jpg,Latino_Hispanic,Asian,Female,20-29,"[0.13161093 0.01494207 0.38451996 0.26464117 0.08913719 0.03931279
 0.07583597]",[0.00428896 0.00238736 0.9871312  0.00619251],[0.01091185 0.9890881 ],"[6.6141234e-05 1.7296990e-02 3.1738505e-01 5.6290454e-01 9.3293697e-02
 8.2033696e-03 5.6935748e-04 2.3054978e-04 5.0265102e-05]",
detected_faces\CFD-LF-249-132-N.jpg,East Asian,Asian,Female,20-29,"[0.02736418 0.00380586 0.11789441 0.6442941  0.17161854 0.01144417
 0.02357877]",[2.0795790e-03 3.8013494e-04 9.9555457e-01 1.9857397e-03],[0.01859757 0.98140246],"[4.4061206e-04 6.8777323e-02 2.4019627e-01 5.5896044e-01 1.0889728e-01
 1.9580457e-02 1.7437688e-03 9.8452473e-04 4.1928320e-04]",
detected_faces\CFD-LF-250-169-N.jpg,East Asian,Asian,Female,20-29,"[0.04700826 0.00185068 0.1151253  0.6346441  0.17170548 0.0121112
 0.01755493]",[6.2199179e-03 1.5126262e-04 9.9212283e-01 1.5060564e-03],[0.00481286 0.9951871 ],"[3.9186305e-04 1.3696706e-01 3.7307972e-01 4.4026321e-01 4.4201866e-02
 4.8396629e-03 1.6189292e-04 7.4213342e-05 2.0521058e-05]",
detected_faces\CFD-LF-251-057-N.jpg,East Asian,Asian,Female,10-19,"[0.00688072 0.00167763 0.07473484 0.68083286 0.2234543  0.00805857
 0.00436107]",[7.4669812e-04 9.7204559e-04 9.9344325e-01 4.8379772e-03],[0.49025443 0.5097456 ],"[1.7897888e-04 5.5341709e-02 4.4790411e-01 4.2180741e-01 5.9624903e-02
 1.2401391e-02 1.4943219e-03 9.6556614e-04 2.8158701e-04]",
detected_faces\CFD-LF-252-172-N.jpg,East Asian,Asian,Male,10-19,"[0.02471985 0.00610393 0.06172996 0.68459994 0.16191828 0.01378379
 0.04714426]",[5.4193595e-03 9.3058846e-04 9.8196101e-01 1.1689031e-02],[0.5565271  0.44347292],"[1.5679144e-04 1.6192388e-02 4.7199216e-01 4.5657268e-01 4.9736444e-02
 4.7136643e-03 3.9794226e-04 2.1169621e-04 2.6300306e-05]",
detected_faces\CFD-LF-253-003-N.jpg,East Asian,Asian,Female,20-29,"[0.04066649 0.00214907 0.10678942 0.67142403 0.15355673 0.01701558
 0.00839876]",[0.01196011 0.00128053 0.970317   0.01644234],[0.13386188 0.86613816],"[0.00071058 0.03375825 0.18474033 0.55031973 0.17756304 0.04319674
 0.00539923 0.00324537 0.00106673]",
detected_faces\CFD-LF-254-125-N.jpg,East Asian,Asian,Female,10-19,"[0.06117309 0.00550576 0.1651199  0.5806546  0.0896994  0.02226202
 0.07558526]",[0.02754039 0.00348947 0.957797   0.01117312],[0.45428827 0.5457117 ],"[1.5814914e-04 1.4345793e-02 4.6797699e-01 4.1611722e-01 8.3888017e-02
 1.3067629e-02 2.1570281e-03 1.8198915e-03 4.6924700e-04]",
detected_faces\CFD-LF-255-088-N.jpg,Latino_Hispanic,Asian,Female,10-19,"[0.05421715 0.00540416 0.50151634 0.12892398 0.08960723 0.06716551
 0.15316565]",[0.01904725 0.04995481 0.81249696 0.118501  ],[0.36517915 0.6348208 ],"[3.59272759e-04 2.45151192e-01 6.57446444e-01 8.30268711e-02
 1.18728550e-02 1.80137483e-03 1.89221726e-04 1.09189845e-04
 4.36227965e-05]",
detected_faces\CFD-LM-200-045-N.jpg,East Asian,Asian,Male,10-19,"[0.10069719 0.00259357 0.07776872 0.5561295  0.08453232 0.05982836
 0.11845031]",[0.06042095 0.00612176 0.89939624 0.03406103],[0.99875563 0.00124436],"[0.00173451 0.0786572  0.31354848 0.27179602 0.16592272 0.11369807
 0.03765717 0.01520881 0.00177704]",
detected_faces\CFD-LM-201-057-N.jpg,East Asian,Asian,Male,20-29,"[3.0005869e-02 1.8279876e-04 2.1545436e-02 8.3812612e-01 7.5819030e-02
 4.8357868e-03 2.9485004e-02]",[1.6176306e-02 8.7738148e-04 9.7891337e-01 4.0329504e-03],[0.9943045 0.0056955],"[2.6012928e-04 3.3014357e-02 3.9625484e-01 4.1329637e-01 1.2036477e-01
 3.0433783e-02 4.7963639e-03 1.3933515e-03 1.8600826e-04]",
detected_faces\CFD-LM-202-072-N.jpg,Black,Black,Male,20-29,"[0.01122523 0.68416584 0.08934692 0.00919649 0.03295197 0.05125542
 0.12185813]",[1.4460958e-04 7.8646296e-01 2.1046075e-01 2.9317366e-03],[0.877333   0.12266695],"[0.0017193  0.02939225 0.12328868 0.30815545 0.26025206 0.17823283
 0.06672479 0.0249409  0.00729373]",
detected_faces\CFD-LM-203-026-N.jpg,East Asian,Asian,Male,20-29,"[0.05720151 0.00454088 0.05158728 0.41360036 0.26213744 0.03080475
 0.18012771]",[0.00671214 0.00476181 0.9822019  0.00632418],[0.9920295 0.0079705],"[0.00223666 0.03031232 0.1013248  0.37599003 0.26825786 0.17853734
 0.03478287 0.00751258 0.00104554]",
detected_faces\CFD-LM-204-001-N.jpg,Middle Eastern,Asian,Male,20-29,"[0.11616281 0.00141444 0.08711827 0.18951692 0.07487115 0.0709126
 0.46000385]",[0.04201855 0.00630791 0.93433315 0.01734041],[0.9964347  0.00356527],"[5.2306714e-04 5.7119071e-02 3.4139225e-01 4.8581743e-01 9.8225184e-02
 1.5328896e-02 1.3194522e-03 2.4898545e-04 2.5797535e-05]",
detected_faces\CFD-LM-206-204-N.jpg,East Asian,Asian,Male,10-19,"[2.2748686e-02 4.5511202e-04 3.0849038e-02 7.6891696e-01 1.0372521e-01
 1.1679706e-02 6.1625350e-02]",[8.9589041e-04 2.9103539e-04 9.9820036e-01 6.1268616e-04],[0.97283584 0.02716416],"[2.9760139e-04 6.2372647e-02 4.8188081e-01 3.7839809e-01 6.1408162e-02
 1.3653622e-02 1.4818211e-03 4.3616563e-04 7.1084090e-05]",
detected_faces\CFD-LM-207-004-N.jpg,East Asian,Asian,Male,20-29,"[2.2460308e-02 2.8173000e-04 4.1767810e-02 7.6825643e-01 1.2431506e-01
 9.9682426e-03 3.2950401e-02]",[2.6908105e-03 7.5156457e-04 9.9312878e-01 3.4288662e-03],[0.994797   0.00520303],"[6.2293730e-05 1.1759806e-02 3.5346425e-01 5.2105212e-01 9.5377259e-02
 1.6794503e-02 1.2085667e-03 2.6006813e-04 2.1190594e-05]",
detected_faces\CFD-LM-208-110-N.jpg,White,Asian,Male,10-19,"[6.6602957e-01 2.4574125e-04 2.8674489e-02 2.0684774e-01 1.7225856e-02
 2.5423844e-03 7.8434169e-02]",[0.34802082 0.00301875 0.6475972  0.00136322],[0.9212268  0.07877318],"[2.2475202e-04 1.2704537e-02 4.6684530e-01 3.6662140e-01 1.0814797e-01
 3.3346679e-02 7.5652846e-03 3.7436860e-03 8.0040912e-04]",
detected_faces\CFD-LM-209-111-N.jpg,East Asian,Asian,Male,20-29,"[8.0054328e-03 8.0228419e-05 4.6020858e-03 9.4583815e-01 3.9646346e-02
 1.6481231e-04 1.6630195e-03]",[2.2360117e-03 1.2445835e-04 9.9752820e-01 1.1132447e-04],[0.63718814 0.3628119 ],"[3.4988552e-05 3.0666834e-03 1.4689954e-01 6.1601752e-01 1.7742093e-01
 4.7598045e-02 6.6876067e-03 1.9646103e-03 3.1000003e-04]",
detected_faces\CFD-LM-210-156-N.jpg,East Asian,Asian,Male,10-19,"[0.03349743 0.06909069 0.19657427 0.3634482  0.18685369 0.0274907
 0.12304508]",[0.00114007 0.0976344  0.8935416  0.00768391],[0.93815166 0.06184833],"[0.00091024 0.08706626 0.5272255  0.18762198 0.10503703 0.05764316
 0.01938736 0.01156832 0.00354021]",
detected_faces\CFD-LM-211-128-N.jpg,East Asian,Asian,Male,10-19,"[4.6397592e-03 2.2833857e-04 2.5835667e-02 7.6410466e-01 1.9072354e-01
 9.9149756e-03 4.5531038e-03]",[1.7660186e-03 6.2620785e-04 9.9454927e-01 3.0584771e-03],[0.99737775 0.00262219],"[6.24772802e-04 9.61310044e-02 4.39557016e-01 2.86298662e-01
 1.16160035e-01 4.88067940e-02 9.19143949e-03 2.95707653e-03
 2.73177167e-04]",
detected_faces\CFD-LM-212-143-N.jpg,East Asian,Asian,Male,10-19,"[5.0663881e-02 2.8626970e-04 3.4103826e-02 7.3341507e-01 1.0332390e-01
 1.0360067e-02 6.7847043e-02]",[4.5252144e-03 3.6469146e-04 9.9191749e-01 3.1926662e-03],[0.85247844 0.14752153],"[6.3493171e-05 3.7363641e-02 7.0051289e-01 2.4778211e-01 1.3216116e-02
 9.8397490e-04 5.4468499e-05 1.9605282e-05 3.7340571e-06]",
detected_faces\CFD-LM-213-061-N.jpg,East Asian,Asian,Male,20-29,"[0.01413018 0.00212694 0.07428496 0.6309608  0.23868541 0.02425631
 0.01555525]",[0.00132499 0.00933092 0.97618264 0.01316152],[0.9965917  0.00340829],"[1.20005774e-04 3.93820740e-03 6.05082996e-02 6.12204731e-01
 2.47175768e-01 6.68866932e-02 7.37937866e-03 1.56126334e-03
 2.25717624e-04]",
detected_faces\CFD-LM-214-165-N.jpg,East Asian,Asian,Male,20-29,"[4.3351278e-02 2.6883799e-04 3.9272226e-02 7.3392510e-01 1.3330261e-01
 1.0214113e-02 3.9665855e-02]",[3.3085502e-04 1.6717758e-04 9.9898851e-01 5.1335176e-04],[0.9893638  0.01063629],"[7.2139432e-05 8.3228769e-03 3.3107463e-01 5.5479765e-01 9.2574216e-02
 1.1845165e-02 1.0402267e-03 2.5039347e-04 2.2756392e-05]",
detected_faces\CFD-LM-215-247-N.jpg,East Asian,Asian,Male,10-19,"[0.10248268 0.00423018 0.12053106 0.5152981  0.11597846 0.04172475
 0.09975459]",[5.1127077e-04 2.8547924e-03 9.9290419e-01 3.7297364e-03],[0.98258954 0.01741047],"[0.00056891 0.04657312 0.42469049 0.32776687 0.13063574 0.05450895
 0.01133155 0.00332112 0.00060318]",
detected_faces\CFD-LM-216-082-N.jpg,East Asian,Asian,Male,10-19,"[0.00776526 0.00194772 0.07558597 0.48179752 0.31872526 0.0794099
 0.03476844]",[3.8041815e-04 2.8001850e-03 9.8566210e-01 1.1157283e-02],[0.9762964  0.02370361],"[4.4250878e-04 7.5444683e-02 4.6483365e-01 3.5628048e-01 7.5549036e-02
 2.3402337e-02 2.7135063e-03 1.0857364e-03 2.4804281e-04]",
detected_faces\CFD-LM-217-162-N.jpg,East Asian,Asian,Male,20-29,"[1.3282479e-02 3.3659636e-04 3.6598228e-02 7.8005064e-01 1.3862514e-01
 1.5626410e-02 1.5480476e-02]",[1.8603683e-03 2.4395993e-04 9.9513817e-01 2.7575360e-03],[9.9950218e-01 4.9783336e-04],"[4.6708278e-04 4.3559022e-02 2.5235969e-01 4.1302010e-01 1.9457030e-01
 7.8781776e-02 1.3904698e-02 3.0956327e-03 2.4162765e-04]",
detected_faces\CFD-LM-251-073-N.jpg,East Asian,Asian,Male,20-29,"[1.9948480e-01 4.5410520e-04 7.9219721e-02 5.1216835e-01 6.8721481e-02
 1.2443755e-02 1.2750782e-01]",[0.03434555 0.00505001 0.95808256 0.00252187],[0.98766714 0.01233289],"[9.2629943e-04 4.7760252e-02 2.4672434e-01 4.1605452e-01 2.1186243e-01
 6.3475825e-02 1.0511721e-02 2.3538102e-03 3.3076029e-04]",
detected_faces\CFD-LM-252-076-N.jpg,Middle Eastern,Asian,Male,20-29,"[0.06689185 0.00934205 0.13375415 0.1782478  0.08445679 0.07470087
 0.4526065 ]",[0.00448871 0.00913397 0.97716165 0.00921565],[0.97948605 0.02051391],"[3.8752737e-04 2.8278628e-02 1.7818896e-01 6.1516047e-01 1.5046762e-01
 2.4450034e-02 2.3383785e-03 6.1321550e-04 1.1513564e-04]",
detected_faces\CFD-LM-253-075-N.jpg,East Asian,Asian,Male,20-29,"[5.3746183e-03 5.3612579e-04 2.3699868e-02 6.7953694e-01 2.7272329e-01
 1.3001334e-02 5.1278244e-03]",[7.9540181e-04 1.1858040e-03 9.9655139e-01 1.4673624e-03],[9.9940759e-01 5.9233524e-04],"[8.0610695e-04 7.5013191e-02 3.4621316e-01 4.1019672e-01 1.2023621e-01
 4.0801328e-02 5.4182727e-03 1.1992091e-03 1.1579376e-04]",
detected_faces\CFD-WF-018-017-N.jpg,White,Asian,Female,20-29,"[0.35238162 0.03784859 0.21601708 0.27720827 0.04415443 0.00523333
 0.06715682]",[0.36147267 0.01114876 0.5957141  0.03166449],[0.17504571 0.8249543 ],"[0.00147934 0.05819583 0.30066988 0.39587778 0.15715685 0.05842725
 0.01469412 0.00883944 0.00465952]",
detected_faces\CFD-WF-028-023-N.jpg,East Asian,Asian,Male,20-29,"[1.16029315e-01 2.34621082e-04 1.27303004e-02 7.97664583e-01
 6.44448921e-02 5.70069184e-04 8.32626782e-03]",[0.18193766 0.00104224 0.813542   0.00347808],[0.55074865 0.44925132],"[2.7093550e-04 1.2536893e-02 1.8855564e-01 6.3617736e-01 1.3485819e-01
 2.4232710e-02 2.5041671e-03 6.6733290e-04 1.9680650e-04]",
detected_faces\CFD-WF-029-002-N.jpg,Southeast Asian,Asian,Male,10-19,"[0.01749946 0.01538618 0.1710192  0.26595533 0.38476422 0.04397579
 0.10139977]",[0.00118668 0.01126547 0.97886515 0.00868271],[0.9243967  0.07560328],"[0.00146096 0.10369199 0.37295488 0.3363833  0.13415788 0.04120922
 0.00631115 0.0029502  0.00088043]",
detected_faces\CFD-WF-038-021-N.jpg,White,Asian,Female,20-29,"[0.78958637 0.00337277 0.03760549 0.11390959 0.03232484 0.00167935
 0.02152167]",[0.14259656 0.0197521  0.82189345 0.01575785],[0.04994336 0.9500566 ],"[6.9432246e-04 4.4548605e-02 1.6639261e-01 5.7212770e-01 1.7842625e-01
 3.2716319e-02 3.6545736e-03 9.2327991e-04 5.1631971e-04]",
detected_faces\CFD-WF-039-025-N.jpg,White,White,Female,20-29,"[0.58060795 0.10335154 0.19353753 0.02244657 0.00749935 0.00479792
 0.08775914]",[0.55176854 0.35095274 0.08086672 0.01641203],[0.04188964 0.9581104 ],"[2.1113283e-03 8.0140807e-02 2.0470876e-01 4.0550655e-01 2.4573062e-01
 5.6278385e-02 4.4868207e-03 8.5649948e-04 1.8021917e-04]",
detected_faces\CFD-WF-200-099-N.jpg,East Asian,Asian,Female,10-19,"[1.1698050e-02 7.1961578e-04 1.5181095e-02 9.0555465e-01 5.8183763e-02
 1.9545141e-03 6.7082867e-03]",[4.3767015e-03 5.6054781e-04 9.9218231e-01 2.8804974e-03],[0.22722355 0.7727764 ],"[5.3372979e-04 6.4866811e-02 5.6633717e-01 2.9264325e-01 5.5784874e-02
 1.4785458e-02 2.9519985e-03 1.4262905e-03 6.7045732e-04]",
detected_faces\CFD-WF-201-156-N.jpg,Middle Eastern,Asian,Male,10-19,"[0.1240145  0.00150749 0.07638375 0.3425636  0.07460032 0.00759949
 0.37333086]",[1.3322704e-02 5.5308319e-03 9.8049170e-01 6.5475312e-04],[0.65658796 0.343412  ],"[2.8848829e-04 5.3532686e-02 5.3214031e-01 2.8605312e-01 9.9066630e-02
 2.4282826e-02 3.3532800e-03 1.0037376e-03 2.7882250e-04]",
detected_faces\CFD-WF-202-056-N.jpg,White,Asian,Female,20-29,"[6.5996420e-01 4.7797649e-04 3.2068580e-02 2.5390184e-01 1.9488487e-02
 1.2465196e-03 3.2852326e-02]",[0.3465515  0.02742267 0.56554705 0.06047874],[0.12401398 0.875986  ],"[2.5046134e-04 9.4461720e-03 1.8991654e-01 5.3794575e-01 1.9218136e-01
 5.3017009e-02 1.2097556e-02 3.7272167e-03 1.4179668e-03]",
detected_faces\CFD-WF-203-229-N.jpg,East Asian,Asian,Male,10-19,"[1.3545745e-02 4.8126181e-04 3.4626655e-02 7.6068389e-01 1.6301453e-01
 9.5652826e-03 1.8082697e-02]",[2.4916076e-03 2.1911875e-04 9.9578816e-01 1.5010781e-03],[0.52791655 0.47208345],"[6.3652097e-04 1.2001824e-01 5.3958541e-01 3.0160293e-01 3.2088503e-02
 5.0809537e-03 5.6685094e-04 3.2963813e-04 9.0903450e-05]",
detected_faces\CFD-WF-204-038-N.jpg,East Asian,Asian,Male,20-29,"[0.08428589 0.00049118 0.04807827 0.43988264 0.08477067 0.03136838
 0.3111229 ]",[1.1966232e-02 2.5745563e-04 9.8284596e-01 4.9303025e-03],[0.99519366 0.00480633],"[2.5614281e-04 7.0710466e-03 1.0353568e-01 6.7488873e-01 1.8231589e-01
 2.8885210e-02 2.3983971e-03 5.8696425e-04 6.1955907e-05]",
detected_faces\CFD-WF-205-006-N.jpg,White,White,Female,20-29,"[7.5371403e-01 1.1460923e-01 7.4419081e-02 8.3622579e-03 3.5628034e-03
 5.8469543e-04 4.4747908e-02]",[0.7633237  0.04697463 0.17359737 0.01610427],[0.05391428 0.94608575],"[0.00161735 0.03250368 0.13988706 0.42830268 0.29340258 0.09093715
 0.01005304 0.00261798 0.00067842]",
detected_faces\CFD-WF-206-147-N.jpg,White,Asian,Female,20-29,"[0.4536125  0.02056792 0.19707555 0.20722166 0.08430577 0.01128971
 0.025927  ]",[0.06073361 0.00341668 0.9092451  0.02660459],[0.0044 0.9956],"[1.2473005e-04 2.3314474e-02 2.1918884e-01 6.1855924e-01 1.2972343e-01
 8.9037977e-03 1.4985546e-04 2.9850402e-05 5.7169082e-06]",
detected_faces\CFD-WF-207-014-N.jpg,White,White,Female,20-29,"[8.7184072e-01 6.9317338e-04 1.9486533e-02 8.5836686e-02 1.9169910e-02
 3.6781828e-04 2.6052038e-03]",[5.6843877e-01 1.2873069e-04 4.2859340e-01 2.8390463e-03],[0.02903924 0.97096074],"[1.5104392e-04 1.3505129e-02 9.4634570e-02 6.1506563e-01 2.2865617e-01
 4.5694906e-02 1.7414013e-03 4.0786093e-04 1.4331350e-04]",
detected_faces\CFD-WF-208-068-N.jpg,East Asian,Asian,Female,20-29,"[0.2637666  0.01064629 0.18470764 0.38403922 0.10549454 0.00962575
 0.0417199 ]",[0.06350608 0.0009413  0.9314674  0.00408515],[0.01138661 0.9886134 ],"[7.1270682e-04 1.3067736e-01 3.0589062e-01 4.6603280e-01 8.1515267e-02
 1.2938193e-02 1.2882176e-03 6.1514362e-04 3.2958496e-04]",
detected_faces\CFD-WF-209-052-N.jpg,East Asian,Asian,Male,10-19,"[0.08128835 0.00232381 0.04812473 0.6749443  0.11207852 0.01359331
 0.06764707]",[0.01440071 0.00469018 0.9784012  0.00250796],[0.5939274  0.40607265],"[0.00123532 0.16231817 0.62423664 0.15326737 0.03865426 0.01229963
 0.00381479 0.00272601 0.00144778]",
detected_faces\CFD-WF-210-086-N.jpg,White,Asian,Female,20-29,"[0.44267765 0.00310475 0.17233557 0.19543892 0.08134589 0.01656532
 0.08853197]",[1.18463345e-01 1.19361197e-04 8.78948271e-01 2.46906816e-03],[0.05766757 0.9423324 ],"[0.00181161 0.05973555 0.15043262 0.537346   0.19236591 0.05132476
 0.00471188 0.00162881 0.00064287]",
detected_faces\CFD-WF-211-001-N.jpg,East Asian,Asian,Male,20-29,"[0.1020911  0.00383745 0.24616227 0.33639228 0.09607942 0.02523233
 0.19020517]",[0.2445743  0.00383033 0.73197025 0.0196251 ],[0.75786394 0.24213606],"[1.2140192e-04 1.0725431e-02 3.1143871e-01 5.4248238e-01 1.1326862e-01
 1.8398222e-02 2.3285297e-03 1.0330277e-03 2.0364721e-04]",
detected_faces\CFD-WF-212-050-N.jpg,White,White,Female,20-29,"[0.5851064  0.00199416 0.07571134 0.26790622 0.03246477 0.00217504
 0.0346421 ]",[0.82751554 0.00344472 0.15963385 0.00940595],[0.03138019 0.9686198 ],"[1.7402941e-04 1.4506520e-02 1.8660778e-01 6.3686681e-01 1.3442923e-01
 2.4295360e-02 2.1506571e-03 7.2263350e-04 2.4703718e-04]",
detected_faces\CFD-WF-213-031-N.jpg,White,White,Male,20-29,"[9.0025187e-01 1.9979206e-04 1.0843560e-02 2.7483094e-02 5.3870920e-03
 2.8225133e-04 5.5552326e-02]",[0.65023005 0.00153673 0.34670007 0.00153315],[0.91513467 0.0848653 ],"[1.05382904e-04 4.41477960e-03 3.96459818e-01 5.02044380e-01
 8.45569000e-02 1.14718517e-02 7.75711494e-04 1.46366961e-04
 2.48127235e-05]",
detected_faces\CFD-WF-214-122-N.jpg,White,White,Female,20-29,"[7.4565572e-01 4.1958611e-04 2.5041435e-02 1.8831515e-01 1.7881369e-02
 4.0986275e-04 2.2276929e-02]",[0.49904194 0.00100382 0.49890772 0.00104652],[0.04761238 0.9523876 ],"[4.8202623e-05 3.2327757e-03 1.9037677e-01 6.4952940e-01 1.2362365e-01
 2.9075827e-02 2.8916476e-03 9.0151996e-04 3.2015782e-04]",
detected_faces\CFD-WM-002-009-N.jpg,Southeast Asian,Asian,Male,20-29,"[0.02023123 0.04181883 0.15046929 0.28457567 0.29470423 0.06875885
 0.13944186]",[0.00196961 0.01902732 0.973271   0.00573208],[0.97249895 0.02750104],"[2.9463819e-04 2.8796444e-02 3.5146216e-01 4.9903715e-01 9.5481873e-02
 2.1047665e-02 2.6858523e-03 9.5320906e-04 2.4100153e-04]",
detected_faces\CFD-WM-003-002-N.jpg,East Asian,Asian,Male,10-19,"[2.6916074e-02 4.4365090e-04 2.1154571e-02 8.4994143e-01 9.1847301e-02
 8.2135713e-04 8.8756531e-03]",[0.02368154 0.00531935 0.9695327  0.00146637],[0.9639624  0.03603764],"[1.8351836e-04 1.8679706e-02 3.3521181e-01 2.9447675e-01 1.5613732e-01
 1.0962209e-01 4.6363410e-02 2.9352585e-02 9.9727567e-03]",
detected_faces\CFD-WM-004-010-N.jpg,East Asian,Asian,Male,20-29,"[9.9366605e-03 7.3401075e-05 8.8044824e-03 9.2995495e-01 4.8147213e-02
 5.2948663e-04 2.5538052e-03]",[2.2638445e-03 9.7957533e-04 9.9441642e-01 2.3401729e-03],[0.98990417 0.01009587],"[1.4764998e-05 1.6246202e-03 1.3987094e-01 6.8702900e-01 1.5180695e-01
 1.7376639e-02 1.7659572e-03 4.5578482e-04 5.5326811e-05]",
detected_faces\CFD-WM-006-002-N.jpg,East Asian,Asian,Male,20-29,"[3.0238550e-02 4.3957937e-04 2.4735864e-02 8.5127044e-01 7.6006547e-02
 1.7037003e-03 1.5605206e-02]",[4.3025515e-03 9.5855421e-04 9.9361867e-01 1.1202353e-03],[0.7595135  0.24048647],"[2.3691969e-04 2.8706349e-02 3.0079737e-01 5.4670602e-01 1.0107323e-01
 1.8082706e-02 2.7858038e-03 1.1730917e-03 4.3857863e-04]",
detected_faces\CFD-WM-242-011-N.jpg,East Asian,Asian,Male,20-29,"[1.4360520e-01 5.2793807e-04 2.2606745e-02 6.8507743e-01 5.2385379e-02
 4.5058276e-03 9.1291495e-02]",[0.1895156  0.00125297 0.8074661  0.00176524],[0.9806063 0.0193937],"[4.7024845e-05 4.7527016e-03 2.7842602e-01 5.7304573e-01 1.1447765e-01
 2.4225099e-02 3.9885663e-03 9.1315992e-04 1.2408772e-04]",
detected_faces\CFD-WM-243-107-N.jpg,East Asian,Asian,Male,20-29,"[0.2168098  0.00108608 0.08945629 0.5576099  0.05437815 0.00814262
 0.0725172 ]",[0.04779685 0.00563957 0.9310964  0.01546716],[0.80973417 0.19026583],"[1.3739962e-05 1.4960541e-03 2.5762418e-01 6.3541448e-01 9.4672151e-02
 9.6787037e-03 8.6435355e-04 2.0863391e-04 2.7703429e-05]",
detected_faces\CFD-WM-244-003-N.jpg,East Asian,Asian,Male,20-29,"[3.2521028e-02 3.9842955e-04 1.9016787e-02 8.2380813e-01 7.3560201e-02
 8.3967755e-03 4.2298697e-02]",[3.4191698e-02 9.0618775e-04 9.6311301e-01 1.7891227e-03],[0.9982351 0.0017649],"[3.65760607e-05 2.73527112e-03 1.85771614e-01 6.90755486e-01
 1.04092225e-01 1.46375122e-02 1.59915711e-03 3.45673354e-04
 2.64461669e-05]",
detected_faces\CFD-WM-245-123-N.jpg,Middle Eastern,Asian,Male,10-19,"[0.22639972 0.0006212  0.05700256 0.1892899  0.04444631 0.00735022
 0.47489014]",[0.12277941 0.00138687 0.8723626  0.00347103],[0.8191445  0.18085548],"[9.2382426e-05 1.2035176e-02 4.7117218e-01 4.2396814e-01 7.8951277e-02
 1.2108322e-02 1.2108594e-03 3.6579656e-04 9.5883130e-05]",
detected_faces\CFD-WM-247-084-N.jpg,East Asian,Asian,Male,20-29,"[1.3695896e-01 4.5724923e-04 4.4535674e-02 7.1333885e-01 6.1540604e-02
 8.6716088e-03 3.4497079e-02]",[0.04575934 0.00259956 0.9391814  0.01245969],[0.96587825 0.03412172],"[0.00097436 0.03973518 0.20968963 0.34871146 0.21743637 0.11275008
 0.04762977 0.01955898 0.0035141 ]",
detected_faces\CFD-WM-248-036-N.jpg,East Asian,Asian,Male,20-29,"[8.6426906e-02 4.5676951e-04 3.0194128e-02 7.9293436e-01 7.5902164e-02
 1.9957337e-03 1.2089857e-02]",[0.05967211 0.05259093 0.86951244 0.0182246 ],[0.9972619  0.00273817],"[2.1131535e-05 5.9826329e-04 6.1775971e-02 5.3754783e-01 2.8898919e-01
 9.0833463e-02 1.7610749e-02 2.4326430e-03 1.9078256e-04]",
detected_faces\CFD-WM-249-239-N.jpg,East Asian,Asian,Male,10-19,"[0.07501315 0.00130634 0.04810555 0.63343316 0.19502023 0.01113602
 0.03598547]",[0.01221716 0.00220019 0.9827736  0.00280907],[0.9917618  0.00823814],"[7.3711184e-04 5.6069788e-02 4.3551058e-01 3.5062802e-01 1.1752281e-01
 3.2007158e-02 5.9342794e-03 1.3738661e-03 2.1634856e-04]",
detected_faces\CFD-WM-250-157-N.jpg,East Asian,Asian,Male,10-19,"[0.13530093 0.00636456 0.2999674  0.32792127 0.07085993 0.01498037
 0.14460547]",[0.00511193 0.00738709 0.9682328  0.01926816],[0.9632895  0.03671046],"[2.2878795e-04 2.6916578e-02 5.1183259e-01 3.3954746e-01 9.2036948e-02
 2.5047287e-02 3.2184813e-03 9.6480112e-04 2.0700908e-04]",
detected_faces\CFD-WM-251-002-N.jpg,White,Asian,Male,20-29,"[0.47484064 0.00159219 0.02122037 0.39284873 0.08527114 0.00238886
 0.02183806]",[0.42833698 0.00781079 0.5595296  0.00432258],[0.98084843 0.01915152],"[4.6159487e-04 1.3056236e-02 1.9373852e-01 5.3145516e-01 1.3968147e-01
 6.9286808e-02 2.8159782e-02 1.6726704e-02 7.4336650e-03]",
detected_faces\CFD-WM-252-224-N.jpg,East Asian,Asian,Male,20-29,"[3.1712223e-02 6.5510307e-04 4.0484071e-02 6.6634560e-01 1.7567709e-01
 1.2272114e-02 7.2853766e-02]",[0.02717071 0.0047731  0.9602254  0.00783084],[0.99349916 0.00650087],"[4.0238465e-05 1.0376709e-02 3.2790297e-01 5.5566251e-01 8.7539636e-02
 1.6145855e-02 1.7242194e-03 5.3687749e-04 7.0967872e-05]",
detected_faces\CFD-WM-253-119-N.jpg,East Asian,Asian,Male,20-29,"[2.71267463e-02 2.13865496e-04 9.99736879e-03 8.73764813e-01
 7.45449886e-02 2.58209603e-03 1.17701115e-02]",[0.02174352 0.00187906 0.96990937 0.00646802],[0.9751254  0.02487463],"[2.1805978e-04 2.4518084e-02 3.5805008e-01 4.5473000e-01 1.1587810e-01
 3.7256442e-02 7.1497397e-03 1.9433988e-03 2.5611962e-04]",
detected_faces\CFD-WM-254-152-N.jpg,East Asian,Asian,Male,20-29,"[0.01380908 0.0012897  0.02379872 0.7969954  0.12050885 0.01173574
 0.03186243]",[0.01294208 0.00391367 0.95969003 0.02345429],[0.99054843 0.00945157],"[1.9475535e-04 1.2807154e-02 2.3160946e-01 4.8016417e-01 1.8598816e-01
 7.1648888e-02 1.3235953e-02 3.9120521e-03 4.3942654e-04]",
detected_faces\CFD-WM-255-219-N.jpg,East Asian,Asian,Male,10-19,"[0.1776314  0.00306398 0.13265076 0.519738   0.06589504 0.01211091
 0.08890995]",[0.08340468 0.02585625 0.82849187 0.06224716],[0.8411733  0.15882668],"[1.0132832e-03 1.3023980e-01 5.8684397e-01 2.2278422e-01 4.5154233e-02
 1.0865379e-02 2.0275759e-03 7.9506921e-04 2.7642623e-04]",
detected_faces\CFD-WM-256-138-N.jpg,East Asian,Asian,Male,10-19,"[0.03517176 0.00187677 0.02951915 0.7431571  0.13327134 0.00871726
 0.04828659]",[0.02071569 0.09728961 0.8619986  0.01999607],[0.98149306 0.01850697],"[0.00190365 0.1985645  0.64331836 0.07428667 0.03421526 0.02303741
 0.01141378 0.0097823  0.00347808]",
detected_faces\CFD-WM-257-161-N.jpg,East Asian,Asian,Male,20-29,"[0.12357134 0.00279253 0.10887573 0.5656681  0.08488731 0.02601772
 0.08818717]",[0.04235772 0.03206548 0.89674276 0.02883406],[0.8813972  0.11860286],"[0.00094855 0.04055816 0.24672543 0.39202043 0.20571142 0.08257025
 0.02103335 0.00861377 0.00181864]",
detected_faces\CFD-WM-258-125-N.jpg,East Asian,Asian,Male,20-29,"[0.2718393  0.00101243 0.0424748  0.5936295  0.06701964 0.00242801
 0.0215964 ]",[0.11578219 0.00585871 0.8750432  0.00331594],[0.94842595 0.05157406],"[1.7635744e-04 5.5688391e-03 1.9665065e-01 5.1322436e-01 1.8404292e-01
 6.7189351e-02 2.3587657e-02 7.8294231e-03 1.7304744e-03]",
