,0,1,2,3,4,5,6,7,8,9,10,11,12,13,14,15,16,17,18,19,20,21,22,23,24,25,26,27,28,29,30,31,32,33,34,35,36,37,38,39,40,41,42,43,44,45,46,47,48,49,50,51,52,53,54,55,56,57,58,59,60,61,62,63,64,65,66,67,68,69,70,71,72,73,74,75,76,77,78,79,80,81,82,83,84,85,86,87,88,89,90,91,92,93,94,95,96,97,98,99,100,101,102,103,104,105,106,107,108,109,110,111,112,113,114,115,116,117,118,119,120,121,122,123,124,125,126,127,128,129,130,131,132,133,134,135,136,137,138,139,140,141,142,143,144,145,146,147,148,149,150,151,152,153,154,155,156,157,158,159,160,161,162,163,164,165,166,167,168,169,170,171,172,173,174,175,176,177,178,179,180,181,182,183,184,185,186,187,188,189,190,191,192,193,194,195,196,197,198,199,200,201,202,203,204,205,206,207,208,209,210,211,212,213,214,215,216,217,218,219,220,221,222,223,224,225,226,227,228,229,230,231,232,233,234,235,236,237,238,239,240,241,242,243,244,245,246,247,248,249,250,251,252,253,254,255
0,145.64586,145.40309,145.64297,145.8037,145.28914,144.74393,144.22128,144.18144,144.04796,143.7077,143.47318,143.31523,143.07745,142.88512,142.69395,142.53828,142.36804,142.08351,141.85652,141.66254,141.42589,141.21736,141.01233,140.81844,140.67296,140.36841,140.14555,139.95905,139.73178,139.51389,139.31027,139.15294,138.98627,138.71524,138.48465,138.29358,138.06616,137.85654,137.6636,137.47873,137.34009,137.04037,136.8363,136.66524,136.44624,136.22878,136.03235,135.86366,135.68573,135.42427,135.21364,135.03128,134.81111,134.60112,134.40363,134.22467,134.08847,133.79115,133.5854,133.40295,133.18971,132.97977,132.78929,132.63518,132.44698,132.17163,131.94931,131.7709,131.54846,131.32883,131.13254,130.95547,130.80708,130.51062,130.2966,130.10986,129.8938,129.68767,129.48326,129.31969,129.12897,128.8582,128.63193,128.44545,128.2293,128.00938,127.81163,127.63891,127.491,127.198586,126.97889,126.78277,126.543755,126.30775,126.094986,125.92945,125.727135,125.45206,125.222984,125.018456,124.77151,124.54721,124.35425,124.194786,124.05568,123.75655,123.54182,123.35118,123.14166,122.925156,122.717606,122.57552,122.386086,122.1117,121.87702,121.68398,121.48056,121.28357,121.08523,120.92532,120.79201,120.500565,120.28892,120.104004,119.9009,119.698654,119.51161,119.37865,119.20854,118.967674,118.76476,118.59223,118.39981,118.20835,118.02773,117.88514,117.77005,117.50559,117.309654,117.14317,116.95431,116.77219,116.61088,116.48906,116.32596,116.090645,115.894745,115.732025,115.54961,115.36067,115.18903,115.056175,114.95522,114.71939,114.552536,114.39613,114.20699,114.00833,113.83435,113.71649,113.55942,113.33881,113.168274,113.02115,112.8431,112.658585,112.494385,112.35213,112.2368,111.97611,111.789474,111.63274,111.45477,111.276306,111.129684,111.03665,110.90328,110.688156,110.50442,110.368195,110.2082,110.03665,109.87298,109.73689,109.62153,109.37483,109.209984,109.05672,108.887375,108.71217,108.54948,108.44188,108.300934,108.0906,107.913605,107.779274,107.62547,107.46863,107.32782,107.20384,107.11254,106.87919,106.71734,106.57338,106.41135,106.23798,106.09619,106.000946,105.870544,105.67135,105.514336,105.396965,105.25813,105.11185,104.982544,104.86889,104.791466,104.577866,104.432755,104.30233,104.15844,104.00543,103.87265,103.79052,103.662476,103.451614,103.28226,103.15015,102.99832,102.84937,102.730446,102.630936,102.56882,102.369316,102.24526,102.1281,101.98139,101.8254,101.68939,101.58699,101.47729,101.29026,101.13847,101.01778,100.893,100.77997,100.683784,100.55771,100.651215,100.376236,100.34799,100.05259,100.22861,99.70419,100.0721,99.918274
1,223.60318,223.39404,223.63155,223.8407,223.35211,222.85892,222.41357,222.36249,222.24649,221.99466,221.74771,221.71408,221.4739,221.35461,221.18106,221.0253,220.92366,220.68079,220.5119,220.36049,220.17868,220.02681,219.85529,219.67624,219.58876,219.3258,219.14432,218.9872,218.79567,218.60988,218.4126,218.23819,218.08676,217.8339,217.64975,217.48953,217.27933,217.08987,216.89453,216.70769,216.57863,216.25885,216.05534,215.8798,215.65054,215.43216,215.20158,214.99298,214.78415,214.50352,214.2908,214.09058,213.86707,213.64102,213.4177,213.22113,213.09187,212.78342,212.57301,212.376,212.14471,211.93118,211.72728,211.54248,211.35489,211.07361,210.85123,210.66362,210.44835,210.23224,210.0187,209.82927,209.66742,209.32489,209.10669,208.90872,208.65712,208.397,208.1339,207.91542,207.69012,207.37222,207.11249,206.8676,206.6015,206.35013,206.10004,205.84546,205.64041,205.28583,205.01917,204.77211,204.50443,204.23209,203.94543,203.6796,203.41043,203.06055,202.78214,202.52493,202.23001,201.95493,201.67078,201.4278,201.23831,200.87686,200.60953,200.35217,200.05792,199.74078,199.42688,199.18646,198.94257,198.60648,198.31944,198.07014,197.81049,197.5573,197.30359,197.06876,196.86163,196.46703,196.15573,195.86957,195.57808,195.2966,195.02396,194.78796,194.5408,194.21808,193.93181,193.66194,193.37006,193.08755,192.81137,192.55898,192.34439,191.97049,191.70221,191.4461,191.14935,190.86145,190.57358,190.3241,190.02942,189.69598,189.39532,189.1406,188.86267,188.59048,188.33151,188.08899,187.84369,187.47302,187.19675,186.93379,186.64938,186.37361,186.1268,185.9097,185.67567,185.37749,185.13266,184.90074,184.65651,184.42784,184.22217,184.01532,183.82443,183.48819,183.28276,183.05695,182.79312,182.5414,182.32248,182.14615,181.94272,181.66217,181.4278,181.2034,180.93755,180.66672,180.4337,180.2237,180.04729,179.72964,179.51459,179.30345,179.06424,178.8125,178.57613,178.3941,178.16943,177.87453,177.66032,177.46695,177.24109,177.01572,176.84412,176.69254,176.56697,176.28896,176.0875,175.88837,175.67625,175.46552,175.28624,175.14516,174.98708,174.75104,174.55115,174.37894,174.18481,173.98717,173.81128,173.64113,173.50429,173.21146,173.0055,172.8378,172.65886,172.47076,172.29257,172.16422,172.0007,171.76735,171.60641,171.48398,171.34543,171.18211,171.04642,170.9002,170.80696,170.53468,170.3545,170.1955,170.03891,169.87381,169.71301,169.62962,169.5004,169.27211,169.14778,169.02959,168.89995,168.74396,168.6451,168.51195,168.57355,168.2143,168.14647,167.8351,167.96704,167.40875,167.732,167.53055
2,73.99063,73.85817,74.20552,74.447395,74.03379,73.585106,73.13647,73.172935,73.12733,72.88088,72.77597,72.70987,72.57342,72.46674,72.38796,72.34604,72.30959,72.14934,72.045395,71.9806,71.87826,71.7733,71.68569,71.62346,71.60746,71.424255,71.33219,71.27023,71.16819,71.082756,71.03165,71.00572,70.98181,70.84487,70.755005,70.70682,70.62076,70.554016,70.511406,70.46232,70.46223,70.30915,70.23544,70.182236,70.103714,70.03776,69.98064,69.94757,69.922874,69.79755,69.73194,69.71441,69.677475,69.63605,69.594925,69.56349,69.58823,69.453766,69.409256,69.38167,69.35,69.324844,69.30182,69.31944,69.34094,69.26584,69.23959,69.21789,69.17799,69.12627,69.092606,69.07588,69.13406,69.02602,69.01529,69.02198,69.00745,68.991684,69.00198,69.04409,69.07721,69.01239,68.972916,68.98598,68.95877,68.925156,68.91971,68.92282,68.99086,68.89795,68.87972,68.88043,68.861725,68.82695,68.834595,68.870804,68.88216,68.8018,68.77232,68.75283,68.710884,68.67357,68.664,68.65431,68.67041,68.525246,68.46124,68.4205,68.35019,68.278564,68.23759,68.24113,68.21417,68.1042,68.064804,68.06221,68.01699,67.96632,67.93558,67.90904,67.932205,67.82703,67.7909,67.76877,67.729904,67.66602,67.63162,67.61537,67.589386,67.49759,67.48768,67.48122,67.43112,67.37656,67.338,67.32988,67.33681,67.19769,67.174255,67.155,67.08505,67.01451,66.990585,67.004364,66.999985,66.91014,66.85893,66.82852,66.77913,66.72905,66.70468,66.69187,66.712074,66.591,66.54539,66.53496,66.49928,66.43152,66.37985,66.36035,66.3494,66.25232,66.20124,66.17548,66.125336,66.06755,66.01293,65.989365,66.03012,65.92042,65.892654,65.87838,65.831406,65.76178,65.74598,65.782265,65.76903,65.65406,65.588684,65.55858,65.51384,65.48256,65.476395,65.472275,65.50962,65.38887,65.3719,65.378914,65.32439,65.25692,65.24921,65.288284,65.28877,65.225464,65.21516,65.2107,65.16803,65.10774,65.07999,65.07417,65.12187,65.01059,64.990906,64.966225,64.903015,64.83588,64.80032,64.802795,64.79766,64.69864,64.67862,64.70307,64.69846,64.68486,64.68481,64.69774,64.75004,64.62655,64.59617,64.58496,64.55568,64.51346,64.4949,64.51414,64.53175,64.44595,64.40661,64.4077,64.389755,64.3725,64.368195,64.3761,64.40033,64.278595,64.2707,64.245804,64.18437,64.148285,64.15846,64.17288,64.16647,64.08196,64.05217,64.062256,64.03464,63.998264,63.98836,63.991154,64.16867,63.96548,64.03349,63.807423,64.07137,63.630516,64.13431,64.083206
3,128.69566,128.541,128.8594,129.07716,128.63094,128.16487,127.74175,127.78076,127.73004,127.46419,127.34985,127.28133,127.13786,127.04518,126.9611,126.89085,126.82868,126.66323,126.55102,126.48297,126.37296,126.27561,126.192825,126.10755,126.086296,125.88526,125.77979,125.70239,125.58501,125.48455,125.419556,125.364624,125.30724,125.14961,125.07033,125.02368,124.93201,124.863045,124.82226,124.78876,124.82017,124.67933,124.6465,124.61971,124.55348,124.49165,124.46692,124.44582,124.434685,124.31357,124.250244,124.22513,124.16838,124.13258,124.124504,124.11483,124.15163,124.02118,124.00231,123.98794,123.937126,123.89716,123.89047,123.90576,123.92863,123.852295,123.83815,123.84476,123.800125,123.76977,123.7826,123.79117,123.85619,123.75283,123.739914,123.74612,123.718155,123.69191,123.70444,123.73843,123.796455,123.73653,123.74393,123.768486,123.75656,123.75031,123.77221,123.79241,123.87341,123.786446,123.80752,123.8402,123.83295,123.82574,123.86228,123.912605,123.967735,123.91669,123.93702,123.98449,123.99199,124.00029,124.04492,124.0874,124.196266,124.12328,124.1634,124.22783,124.26147,124.27731,124.32708,124.40451,124.50665,124.5011,124.55615,124.62654,124.66214,124.71001,124.79475,124.86632,125.008446,124.98645,125.06141,125.143616,125.19705,125.24332,125.32307,125.42542,125.54219,125.549,125.62363,125.71954,125.78846,125.85804,125.95285,126.04013,126.199425,126.17464,126.26324,126.35283,126.42184,126.48656,126.59031,126.72113,126.84655,126.85942,126.93597,127.03281,127.102264,127.166145,127.27667,127.38385,127.54618,127.53515,127.63091,127.71594,127.78636,127.87788,127.99652,128.13411,128.25807,128.2673,128.36015,128.47571,128.56458,128.6544,128.76338,128.87567,129.06068,129.06561,129.17618,129.28822,129.38416,129.48418,129.62514,129.77136,129.91942,129.94302,130.04498,130.15547,130.23651,130.31155,130.42601,130.52992,130.70236,130.70786,130.82169,130.93533,131.0176,131.08743,131.20036,131.32936,131.466,131.47662,131.54996,131.65015,131.72252,131.78732,131.89307,131.99474,132.1634,132.14436,132.22699,132.30954,132.37386,132.42224,132.50911,132.62181,132.73212,132.73663,132.8126,132.90533,132.96576,133.02844,133.1208,133.20267,133.33746,133.30444,133.38326,133.46048,133.5172,133.5549,133.62842,133.72641,133.84067,133.85161,133.92816,134.01697,134.08025,134.13684,134.22159,134.29721,134.43507,134.408,134.47946,134.54333,134.57684,134.59497,134.64597,134.71852,134.79279,134.76707,134.80766,134.87953,134.92967,134.96268,135.0471,135.09106,135.3759,135.23907,135.38313,135.24075,135.55103,135.15921,135.66722,135.62085
4,185.75229,185.51736,185.73387,185.90654,185.40375,184.86292,184.35123,184.30856,184.17294,183.83737,183.60307,183.46304,183.22545,183.04437,182.85313,182.70006,182.56607,182.30241,182.10117,181.93594,181.7424,181.57498,181.41733,181.26181,181.17737,180.90065,180.7274,180.56879,180.36565,180.18878,180.00581,179.84464,179.68883,179.42632,179.21364,179.02933,178.82262,178.63852,178.44522,178.24417,178.12903,177.82701,177.62599,177.45563,177.2567,177.06883,176.89116,176.74077,176.60112,176.35529,176.17471,176.02225,175.83095,175.64958,175.47418,175.31778,175.22685,174.93968,174.76721,174.60574,174.41394,174.23615,174.06981,173.92517,173.78922,173.52875,173.32791,173.17183,172.9829,172.8114,172.6391,172.48155,172.38248,172.10178,171.944,171.8108,171.62556,171.4513,171.28224,171.15079,171.02052,170.78064,170.60138,170.45232,170.27228,170.10657,169.97589,169.84895,169.7786,169.52574,169.36777,169.21529,169.03114,168.85107,168.70581,168.58937,168.47867,168.25388,168.09644,167.96109,167.78954,167.65193,167.53548,167.42313,167.35236,167.09589,166.96054,166.84604,166.70338,166.57709,166.47675,166.40358,166.33665,166.16656,166.06097,165.97507,165.84781,165.72855,165.6442,165.56226,165.53911,165.33543,165.23785,165.14664,165.0227,164.89227,164.81314,164.77621,164.73676,164.60152,164.52399,164.45985,164.37936,164.32043,164.29504,164.26137,164.28055,164.134,164.11482,164.09525,164.03459,163.97162,163.92644,163.89468,163.87561,163.75563,163.68655,163.63191,163.5563,163.48586,163.44252,163.40121,163.41246,163.24419,163.20306,163.16754,163.10109,163.0255,162.98096,162.97458,162.9667,162.85852,162.83623,162.82884,162.80052,162.77896,162.77312,162.76804,162.8279,162.71222,162.70702,162.69598,162.65921,162.62592,162.63393,162.66393,162.70424,162.62761,162.61908,162.61877,162.58957,162.56517,162.58371,162.60736,162.69598,162.58295,162.58794,162.5934,162.59189,162.60051,162.64046,162.69931,162.76888,162.73091,162.75342,162.77158,162.77893,162.77847,162.80597,162.84758,162.95497,162.85779,162.87738,162.89546,162.91281,162.91077,162.94409,163.00706,163.0808,163.05145,163.08424,163.11362,163.11848,163.13234,163.18747,163.20747,163.2942,163.2113,163.2619,163.28178,163.28654,163.29741,163.34291,163.40265,163.47508,163.43982,163.47403,163.50499,163.51282,163.5231,163.57333,163.61014,163.72238,163.65298,163.69891,163.73041,163.75076,163.74861,163.78772,163.84937,163.9277,163.89053,163.90155,163.9271,163.9422,163.95056,164.02864,164.05893,164.31825,164.12643,164.24367,164.06525,164.36592,163.97856,164.47647,164.41646
5,109.152374,108.966705,109.2598,109.44656,108.96705,108.456406,107.984245,107.98286,107.90874,107.61746,107.45389,107.36704,107.19634,107.065506,106.94824,106.84823,106.742096,106.54333,106.38419,106.26142,106.111404,105.991,105.89788,105.80116,105.74548,105.5249,105.41479,105.328926,105.19155,105.057816,104.957306,104.88146,104.79181,104.60316,104.47775,104.3869,104.259445,104.146576,104.04126,103.9469,103.89997,103.69851,103.578575,103.48476,103.37184,103.26562,103.18522,103.12293,103.05666,102.87013,102.7443,102.6676,102.552414,102.44652,102.372116,102.3065,102.27881,102.08553,101.98141,101.8935,101.77838,101.65756,101.56767,101.515625,101.453415,101.30971,101.20401,101.12504,101.01593,100.919945,100.85474,100.79727,100.76319,100.57965,100.48156,100.42529,100.33382,100.22346,100.13483,100.08537,100.03151,99.9036,99.81561,99.751114,99.65699,99.56202,99.496826,99.43815,99.41385,99.23317,99.125465,99.04384,98.93993,98.82624,98.73701,98.686264,98.62894,98.47658,98.36334,98.2868,98.18073,98.07428,97.994896,97.93444,97.91779,97.7611,97.686874,97.609856,97.51318,97.39711,97.307526,97.270874,97.19603,97.01347,96.888054,96.793846,96.67609,96.5575,96.4672,96.41122,96.375595,96.18734,96.09592,96.0195,95.90697,95.797035,95.711174,95.674484,95.60787,95.45422,95.3577,95.290245,95.19975,95.11194,95.024666,94.96293,94.93954,94.76571,94.65804,94.55525,94.43479,94.314896,94.2189,94.16785,94.0968,93.93054,93.81354,93.73177,93.632904,93.53613,93.44621,93.37378,93.32906,93.14102,93.0368,92.94795,92.82795,92.70401,92.59879,92.549866,92.457886,92.29076,92.16556,92.07135,91.95718,91.824265,91.71117,91.61885,91.57914,91.409164,91.31253,91.218155,91.09927,90.968704,90.85997,90.80678,90.72969,90.57574,90.46071,90.37753,90.27409,90.18523,90.11056,90.02675,89.976135,89.803185,89.70729,89.63748,89.5417,89.449646,89.40251,89.39935,89.36185,89.225395,89.12604,89.043564,88.953354,88.86037,88.7817,88.70058,88.65875,88.465744,88.36034,88.28529,88.187416,88.065384,87.97791,87.92569,87.8419,87.69569,87.595764,87.526245,87.43306,87.34251,87.26224,87.18879,87.1613,87.00405,86.928444,86.85889,86.780365,86.69679,86.65149,86.64287,86.60414,86.49059,86.42529,86.38025,86.313324,86.25052,86.21161,86.19202,86.20213,86.07185,86.018394,85.95472,85.87511,85.78992,85.739395,85.72594,85.71653,85.63043,85.58968,85.573456,85.536514,85.488846,85.493744,85.485054,85.66666,85.46283,85.49236,85.2491,85.50183,85.04605,85.4978,85.405945
6,180.19295,179.92474,180.12253,180.2403,179.6822,179.10593,178.53049,178.42084,178.20508,177.81754,177.51285,177.32333,177.0232,176.78499,176.52345,176.30711,176.07033,175.73079,175.44525,175.18811,174.89966,174.63162,174.3493,174.07501,173.83386,173.43585,173.10754,172.82516,172.50691,172.19472,171.8876,171.64272,171.37424,171.00604,170.68575,170.39215,170.06049,169.73672,169.40921,169.11246,168.83228,168.39813,168.04422,167.72452,167.3616,166.99026,166.6111,166.29686,165.93832,165.49048,165.10306,164.74876,164.35266,163.9674,163.5833,163.23782,162.90382,162.42546,162.00934,161.62009,161.19832,160.78242,160.3635,160.01443,159.61697,159.15614,158.71748,158.30894,157.88562,157.48502,157.07352,156.7092,156.3614,155.85742,155.427,155.0328,154.59192,154.14705,153.69649,153.3272,152.91133,152.42554,151.9669,151.5435,151.09879,150.6634,150.21692,149.81284,149.4047,148.8754,148.40701,147.95412,147.4622,146.98744,146.52815,146.14374,145.69482,145.1786,144.67207,144.21588,143.7392,143.25873,142.80739,142.40717,141.9905,141.4403,140.94624,140.50073,140.01688,139.52835,139.04771,138.64774,138.1715,137.6486,137.13765,136.67172,136.19019,135.7194,135.25842,134.85992,134.4473,133.9007,133.39752,132.93323,132.44711,131.95573,131.477,131.08432,130.63522,130.13661,129.657,129.21841,128.74593,128.28569,127.82582,127.42541,127.01879,126.50768,126.0517,125.631424,125.18488,124.7388,124.303604,123.93687,123.50262,123.02216,122.55946,122.13811,121.69612,121.2669,120.849785,120.477806,120.11172,119.63505,119.21593,118.83066,118.42101,118.008606,117.62341,117.30462,116.93693,116.52987,116.12768,115.75539,115.36034,114.96152,114.58798,114.25568,113.93744,113.50882,113.14213,112.804825,112.44472,112.08837,111.730225,111.44474,111.112,110.73549,110.39263,110.08218,109.74356,109.4138,109.09181,108.81003,108.53179,108.14354,107.803986,107.474525,107.1338,106.796486,106.472824,106.216194,105.899,105.538414,105.192505,104.89214,104.57462,104.257965,103.95149,103.706116,103.45593,103.09545,102.78394,102.48978,102.193115,101.89549,101.601135,101.37212,101.097885,100.77432,100.48614,100.23877,99.98152,99.73244,99.48149,99.26579,99.04999,98.722275,98.43901,98.191345,97.91227,97.630646,97.375114,97.18075,96.94568,96.67598,96.40968,96.174355,95.93315,95.680916,95.45682,95.26665,95.085175,94.80049,94.57713,94.38625,94.16907,93.93322,93.72116,93.572334,93.38521,93.143456,92.92825,92.75101,92.55311,92.34155,92.17229,92.02306,92.066086,91.747536,91.65738,91.316574,91.44705,90.88371,91.193436,90.97191
7,34.81295,34.757233,35.19909,35.526627,35.208206,34.84709,34.512886,34.63324,34.682793,34.49917,34.497543,34.53724,34.502304,34.49897,34.480255,34.495148,34.519135,34.430305,34.401817,34.403282,34.388405,34.38179,34.37346,34.37668,34.452873,34.34691,34.32316,34.326546,34.30683,34.272064,34.251892,34.263084,34.287827,34.190857,34.16584,34.158722,34.129265,34.103615,34.086075,34.075714,34.11564,34.00132,33.990944,34.011513,33.988518,33.984604,33.977104,33.99106,34.003998,33.911797,33.885574,33.886856,33.84485,33.821884,33.795906,33.782936,33.83992,33.746193,33.750397,33.777077,33.76024,33.747154,33.735924,33.764328,33.809906,33.750053,33.76628,33.775345,33.764755,33.77085,33.764168,33.76645,33.825455,33.722923,33.709534,33.71646,33.672455,33.652542,33.656418,33.6718,33.69265,33.60086,33.606194,33.648582,33.651848,33.66703,33.687508,33.70022,33.79432,33.69387,33.681107,33.68754,33.67649,33.67688,33.688652,33.72342,33.773994,33.704918,33.714516,33.747803,33.741486,33.74547,33.757286,33.761566,33.81423,33.721794,33.725235,33.75418,33.751793,33.755234,33.780327,33.82054,33.858368,33.79139,33.831764,33.875854,33.87571,33.87339,33.89305,33.922348,33.99997,33.912697,33.922897,33.93878,33.92054,33.90323,33.904274,33.936234,33.97278,33.886475,33.872833,33.880585,33.862595,33.87641,33.904953,33.944206,34.033363,33.961235,33.993607,34.027473,34.039406,34.051056,34.06221,34.09864,34.13127,34.066444,34.06842,34.09693,34.099274,34.11396,34.137268,34.16371,34.24243,34.170143,34.19362,34.23147,34.24556,34.250496,34.273476,34.340523,34.393753,34.359222,34.3853,34.418137,34.425186,34.448845,34.486755,34.540703,34.641533,34.58306,34.620895,34.65976,34.66741,34.681442,34.72319,34.79876,34.865448,34.82126,34.845985,34.882484,34.89093,34.90444,34.929558,34.966667,35.046097,34.97046,34.98182,34.99633,34.99198,34.978752,34.991135,35.038963,35.075424,35.026955,35.05123,35.07277,35.05902,35.049576,35.0627,35.086052,35.14544,35.05535,35.067726,35.108856,35.110184,35.09237,35.099815,35.136536,35.160805,35.099075,35.096413,35.11389,35.101067,35.098816,35.109856,35.143204,35.22422,35.155815,35.170578,35.185867,35.17862,35.16027,35.171333,35.226784,35.261063,35.200912,35.206444,35.22238,35.209373,35.20234,35.20134,35.213837,35.269753,35.186928,35.179405,35.191284,35.19348,35.190422,35.196167,35.225227,35.237625,35.16371,35.16507,35.186646,35.18775,35.198006,35.211967,35.252945,35.44783,35.259888,35.33329,35.09925,35.398613,34.97747,35.472168,35.40555
8,156.05373,155.8142,156.05928,156.22885,155.7204,155.16774,154.65488,154.61902,154.49763,154.14946,153.92426,153.78383,153.54872,153.3646,153.17574,153.01605,152.8815,152.62361,152.42972,152.26935,152.06096,151.87878,151.71231,151.57362,151.48058,151.19727,151.02036,150.86815,150.67848,150.50728,150.34306,150.20218,150.06296,149.81253,149.62183,149.46112,149.25638,149.0743,148.90533,148.73907,148.6206,148.34198,148.164,147.98999,147.78995,147.5838,147.40262,147.27208,147.13197,146.87836,146.6799,146.5298,146.35707,146.19818,146.05562,145.91753,145.82268,145.54674,145.36385,145.20256,144.9996,144.80537,144.62282,144.47855,144.3303,144.09799,143.92155,143.77145,143.58556,143.40237,143.23694,143.09796,143.0095,142.74426,142.57799,142.42564,142.24464,142.06818,141.89671,141.77475,141.63814,141.41145,141.24391,141.09473,140.91151,140.73898,140.58392,140.44385,140.35309,140.0888,139.9133,139.77242,139.60323,139.42743,139.27747,139.17291,139.0612,138.84984,138.68736,138.54498,138.37894,138.2257,138.08931,137.97075,137.8934,137.6546,137.51671,137.40291,137.265,137.0986,136.95287,136.8577,136.72617,136.51776,136.35577,136.2132,136.04373,135.88171,135.73541,135.61533,135.53185,135.29436,135.1523,135.0086,134.84314,134.67451,134.52328,134.41608,134.29955,134.08926,133.94273,133.83923,133.70203,133.54414,133.39763,133.27629,133.20515,132.97414,132.81879,132.69058,132.53023,132.37155,132.25372,132.18275,132.10062,131.91495,131.77524,131.66843,131.53534,131.39511,131.26642,131.15959,131.09193,130.8732,130.74513,130.62364,130.47684,130.33646,130.22714,130.14967,130.04742,129.85838,129.73347,129.63216,129.50246,129.37894,129.28343,129.19495,129.14514,128.9444,128.82666,128.72919,128.60173,128.4749,128.36781,128.3135,128.22522,128.06076,127.93205,127.83249,127.69948,127.57556,127.46795,127.38218,127.34352,127.161606,127.071526,126.9862,126.85872,126.73229,126.64312,126.58314,126.48967,126.31433,126.1851,126.089874,125.977844,125.85382,125.75543,125.67073,125.61444,125.42451,125.31432,125.205574,125.08026,124.94691,124.83678,124.78393,124.69954,124.5463,124.43733,124.346275,124.2302,124.12052,124.01826,123.92987,123.881004,123.68864,123.58831,123.498604,123.37999,123.243256,123.129776,123.06639,122.983406,122.83122,122.6979,122.60289,122.49238,122.37771,122.30387,122.25216,122.23429,122.06812,121.973465,121.900536,121.79926,121.68707,121.60403,121.56368,121.502625,121.35708,121.26514,121.20476,121.11587,121.00911,120.9522,120.8659,120.98996,120.716415,120.69256,120.407166,120.58914,120.07369,120.45605,120.30858
9,76.33733,76.25633,76.670166,76.952705,76.59099,76.207245,75.85331,75.940506,75.94607,75.72105,75.653595,75.6519,75.599075,75.58827,75.58266,75.604004,75.638596,75.56624,75.54878,75.569565,75.56119,75.553185,75.563934,75.58196,75.65701,75.58693,75.63347,75.683754,75.6749,75.70454,75.77451,75.84656,75.943535,75.9193,75.969864,76.05786,76.11334,76.17525,76.26772,76.36003,76.51152,76.48952,76.57545,76.671776,76.74376,76.818474,76.910995,77.01854,77.15575,77.185974,77.29471,77.428696,77.51477,77.59917,77.7043,77.80023,77.99341,78.00758,78.13109,78.26036,78.35864,78.44635,78.579506,78.71703,78.855774,78.86441,78.958466,79.07124,79.16211,79.24802,79.364365,79.46957,79.645355,79.65321,79.787926,79.9319,80.03375,80.13542,80.28241,80.439156,80.609665,80.66238,80.804886,80.967155,81.09781,81.23811,81.415764,81.574814,81.826385,81.90066,82.07025,82.24469,82.38231,82.52246,82.694954,82.87106,83.07066,83.17784,83.37485,83.57709,83.72592,83.90306,84.11616,84.27937,84.52289,84.584595,84.77186,84.95788,85.114456,85.26932,85.4903,85.707214,85.93344,86.03589,86.22743,86.43417,86.600555,86.78441,86.994675,87.18265,87.46082,87.548096,87.769455,88.00109,88.204956,88.410324,88.66846,88.906525,89.159775,89.2868,89.493195,89.71837,89.91704,90.13013,90.38147,90.61663,90.91282,91.01547,91.22533,91.4651,91.68013,91.875626,92.11355,92.348495,92.60834,92.76161,92.97003,93.20174,93.41012,93.60557,93.84867,94.07233,94.38052,94.48903,94.71316,94.94031,95.1245,95.30513,95.54869,95.80874,96.0636,96.199135,96.455215,96.72453,96.95069,97.17384,97.43802,97.66976,97.96682,98.08922,98.33115,98.566376,98.7815,98.99862,99.256744,99.49865,99.74982,99.88318,100.111694,100.34537,100.53476,100.73164,100.944145,101.13648,101.41823,101.52042,101.755516,101.98848,102.20146,102.40073,102.642204,102.88754,103.12801,103.25098,103.46741,103.680756,103.86908,104.05055,104.26475,104.457535,104.71159,104.80905,105.00225,105.198105,105.384964,105.55669,105.76414,105.99208,106.226814,106.35294,106.57272,106.80496,107.003044,107.1943,107.4176,107.61359,107.85792,107.93629,108.10765,108.25687,108.39786,108.55052,108.772835,108.992256,109.1942,109.264786,109.41284,109.58027,109.69096,109.798904,109.963646,110.11908,110.35333,110.39433,110.53154,110.666595,110.77594,110.87955,111.0228,111.18181,111.347786,111.40893,111.5707,111.75634,111.913155,112.04684,112.23794,112.37542,112.73711,112.65963,112.87511,112.82401,113.23453,112.91868,113.49711,113.524086
10,150.46863,150.27798,150.5538,150.73073,150.24011,149.73581,149.28302,149.27213,149.16454,148.86066,148.67776,148.58688,148.40056,148.24002,148.09242,147.98058,147.89691,147.69804,147.57173,147.48727,147.36888,147.27196,147.18967,147.10559,147.09448,146.90407,146.81181,146.73843,146.64824,146.57114,146.52623,146.51225,146.50331,146.3588,146.28207,146.23524,146.18013,146.13849,146.1261,146.09921,146.15506,146.02077,145.98824,145.96475,145.91888,145.89696,145.8931,145.87973,145.88097,145.76183,145.75473,145.76688,145.74306,145.74106,145.7711,145.79518,145.88649,145.76659,145.77818,145.79788,145.78824,145.80849,145.85626,145.8929,145.97186,145.92657,145.98024,146.05092,146.08614,146.1447,146.23291,146.28882,146.43028,146.39482,146.49323,146.57373,146.61176,146.67111,146.77684,146.89145,147.04243,147.06375,147.17189,147.28008,147.35828,147.47606,147.63441,147.7635,147.97,147.97475,148.13394,148.28969,148.41397,148.5658,148.75322,148.93222,149.18227,149.29726,149.50252,149.69705,149.88055,150.07812,150.31601,150.52536,150.84612,150.94952,151.18503,151.40814,151.62662,151.85551,152.14218,152.4247,152.76665,152.95537,153.24986,153.54907,153.84073,154.12865,154.4582,154.73547,155.11205,155.2657,155.5697,155.87605,156.17068,156.46051,156.79504,157.10617,157.47325,157.69696,158.02359,158.3431,158.64046,158.93146,159.26546,159.57336,159.99208,160.17624,160.51314,160.82465,161.11766,161.4064,161.75417,162.09001,162.48795,162.73315,163.0799,163.42026,163.7261,164.02649,164.38695,164.70631,165.11734,165.31061,165.67728,166.02377,166.34796,166.65344,167.00723,167.3484,167.73862,167.96072,168.29108,168.6234,168.9393,169.26732,169.63905,169.95325,170.35641,170.54016,170.87312,171.19714,171.50212,171.8063,172.1593,172.49997,172.899,173.12755,173.46298,173.80461,174.12833,174.45789,174.84172,175.15387,175.56967,175.76382,176.09518,176.41121,176.732,177.0362,177.39981,177.74326,178.14725,178.3848,178.73842,179.07079,179.3771,179.66953,180.00089,180.29358,180.6852,180.84714,181.15295,181.45209,181.74246,181.99963,182.30103,182.59575,182.93666,183.12097,183.41747,183.69252,183.95343,184.20479,184.49284,184.74692,185.10535,185.24887,185.5218,185.78479,186.0534,186.30417,186.57278,186.83635,187.16687,187.33856,187.61072,187.87778,188.12103,188.35486,188.62473,188.85751,189.17697,189.27411,189.5111,189.74649,189.95547,190.14757,190.39914,190.62808,190.90225,191.02905,191.26727,191.52605,191.759,191.95966,192.20972,192.39165,192.86519,192.84863,193.16609,193.14761,193.62926,193.41055,194.09114,194.1943
11,115.42879,115.32779,115.72265,116.00793,115.62612,115.20762,114.851166,114.93734,114.93408,114.69895,114.62961,114.64622,114.5823,114.555954,114.55563,114.55118,114.585106,114.50057,114.48255,114.4926,114.46599,114.47356,114.51201,114.53373,114.63672,114.55525,114.58042,114.63551,114.65167,114.67404,114.73271,114.80799,114.91442,114.88651,114.937035,115.014,115.06485,115.13952,115.24997,115.327065,115.498535,115.48071,115.60008,115.729485,115.81707,115.91479,116.059326,116.199585,116.373726,116.41953,116.55139,116.68116,116.78011,116.90162,117.06022,117.18706,117.40717,117.42676,117.580635,117.74248,117.87826,118.03519,118.23062,118.40083,118.6179,118.68187,118.8479,119.02969,119.1849,119.35727,119.564026,119.728966,120.00559,120.0934,120.31807,120.53715,120.71057,120.878746,121.11319,121.33257,121.61854,121.75968,122.00283,122.25342,122.45829,122.69016,122.97675,123.21401,123.54845,123.66117,123.91001,124.15833,124.379684,124.6058,124.9081,125.20259,125.54833,125.74068,126.04478,126.336006,126.59181,126.86368,127.19799,127.48031,127.87214,128.05212,128.39732,128.72507,129.01422,129.31343,129.66656,129.98108,130.37993,130.61703,130.97147,131.30986,131.61827,131.93486,132.30693,132.61848,133.05104,133.24707,133.60713,133.94034,134.23558,134.54715,134.91302,135.24644,135.63309,135.84775,136.17477,136.52464,136.87811,137.23297,137.62749,137.98,138.44374,138.65443,139.02313,139.37238,139.6952,140.00111,140.36563,140.71753,141.12628,141.36227,141.7328,142.10922,142.44302,142.77658,143.1609,143.49646,143.94016,144.1624,144.54063,144.90678,145.24765,145.59627,146.00734,146.35844,146.78584,147.05359,147.43773,147.81534,148.17033,148.52907,148.93799,149.27098,149.7164,149.93472,150.31177,150.68033,151.03699,151.3758,151.77077,152.11525,152.5238,152.76979,153.1361,153.47768,153.79733,154.11458,154.50201,154.83995,155.27493,155.48164,155.82094,156.12654,156.42497,156.73236,157.09882,157.42856,157.82368,158.04355,158.36841,158.6795,158.99252,159.29567,159.63635,159.94318,160.37677,160.56812,160.89566,161.19733,161.48946,161.76796,162.10188,162.42442,162.80104,162.99765,163.28778,163.57397,163.84143,164.11533,164.41916,164.67116,165.03699,165.18698,165.47191,165.76187,166.04346,166.30469,166.59726,166.88603,167.23062,167.40414,167.68695,167.99184,168.27371,168.5325,168.82605,169.08517,169.44374,169.56737,169.82294,170.06375,170.27934,170.47224,170.72023,170.95175,171.2335,171.35498,171.58156,171.81328,172.0161,172.2251,172.51239,172.72067,173.18388,173.16606,173.5007,173.50967,173.97433,173.73827,174.42851,174.51344
12,151.93114,151.73769,152.018,152.22792,151.77019,151.2772,150.79993,150.79015,150.70584,150.41457,150.23886,150.13582,149.95007,149.80225,149.66858,149.57162,149.49002,149.29161,149.16615,149.07489,148.93973,148.82771,148.72592,148.6201,148.58295,148.36806,148.25868,148.1595,148.01688,147.88858,147.77756,147.6807,147.60449,147.41736,147.2894,147.20337,147.07524,146.97067,146.88094,146.79016,146.7703,146.54475,146.43701,146.36038,146.25046,146.14973,146.07632,146.03183,145.99977,145.83968,145.75076,145.69473,145.5895,145.51076,145.45636,145.37672,145.36075,145.17197,145.08609,145.0132,144.91699,144.84256,144.80058,144.77008,144.72972,144.57442,144.4989,144.45988,144.38045,144.30576,144.26208,144.21269,144.22981,144.05626,144.00148,143.96375,143.88617,143.81332,143.76999,143.73973,143.7182,143.58142,143.5315,143.51231,143.44707,143.39941,143.38211,143.36069,143.40923,143.26169,143.21814,143.19955,143.14648,143.09612,143.0905,143.10725,143.13918,143.04842,143.03195,143.03629,143.01157,143.00493,143.01158,143.00352,143.0593,142.9396,142.94315,142.96182,142.94815,142.93646,142.9536,142.99478,143.0454,142.98273,142.9926,143.02954,143.03824,143.06355,143.1176,143.16457,143.28926,143.22531,143.26802,143.3255,143.36679,143.41422,143.4879,143.57457,143.66621,143.63077,143.68265,143.74677,143.79028,143.84082,143.92496,144.01051,144.16954,144.138,144.21954,144.3138,144.38802,144.45042,144.55348,144.67558,144.79959,144.80539,144.89305,144.99931,145.08435,145.17279,145.29819,145.41302,145.58592,145.57117,145.67996,145.78687,145.87021,145.93008,146.03749,146.17654,146.32428,146.35312,146.45554,146.56354,146.65346,146.75142,146.89313,147.0148,147.19305,147.1873,147.30164,147.41267,147.50748,147.59595,147.72523,147.85811,148.01462,148.05026,148.16028,148.26613,148.35063,148.4429,148.57137,148.69356,148.87784,148.86678,148.9815,149.09793,149.19684,149.27638,149.39359,149.531,149.68791,149.72174,149.82053,149.93967,150.04337,150.14452,150.2732,150.3855,150.58466,150.5961,150.72018,150.83456,150.92673,151.01651,151.14157,151.2797,151.43086,151.45486,151.55666,151.67006,151.75873,151.83896,151.94695,152.04176,152.21072,152.2042,152.31305,152.40982,152.48488,152.5502,152.65929,152.77974,152.90598,152.90727,152.98009,153.07065,153.14719,153.2326,153.35194,153.46552,153.63809,153.61319,153.71124,153.81511,153.89507,153.96031,154.0608,154.17496,154.29346,154.2878,154.34363,154.42473,154.50371,154.55244,154.66655,154.7408,155.05519,154.90578,155.06598,154.92714,155.26367,154.91574,155.43932,155.41058
13,116.36733,116.1846,116.48277,116.67114,116.2079,115.71944,115.27087,115.29029,115.207535,114.92225,114.765564,114.671745,114.51877,114.39965,114.29504,114.22163,114.14755,113.98133,113.861694,113.77164,113.646126,113.54646,113.46179,113.381134,113.35504,113.15751,113.06666,112.986946,112.86602,112.76828,112.695404,112.642944,112.5858,112.42762,112.33037,112.26479,112.1682,112.08301,112.01462,111.93426,111.9092,111.72993,111.64659,111.577,111.468414,111.37257,111.32267,111.29322,111.27123,111.14016,111.065414,111.030266,110.96353,110.92146,110.900795,110.874535,110.88219,110.73363,110.66548,110.61544,110.53687,110.456055,110.40871,110.38129,110.35385,110.237015,110.18237,110.158714,110.097984,110.04735,110.01584,109.98314,110.01405,109.88144,109.840996,109.81685,109.77576,109.732925,109.71338,109.71768,109.72092,109.62489,109.578606,109.559265,109.509,109.45508,109.43265,109.416115,109.45284,109.32104,109.29291,109.28053,109.24208,109.19957,109.192726,109.20174,109.203514,109.10853,109.08391,109.08701,109.04606,109.019684,109.02339,109.03875,109.11284,109.00395,109.00575,109.01621,108.99894,108.97571,108.99092,109.032875,109.06605,108.99713,108.99108,109.024994,109.02068,109.00392,109.02417,109.04886,109.124985,109.02941,109.02022,109.02765,108.99986,108.978,108.99423,109.037025,109.069176,109.01372,109.02349,109.05322,109.05646,109.070244,109.117546,109.152374,109.24701,109.17194,109.19069,109.23188,109.250694,109.26204,109.30758,109.382935,109.44783,109.40844,109.42149,109.45118,109.451485,109.46257,109.51593,109.56708,109.667076,109.59862,109.63428,109.684204,109.71544,109.72445,109.773506,109.85214,109.929504,109.90407,109.94602,110.00114,110.03679,110.07525,110.130325,110.17229,110.280464,110.23175,110.28873,110.35967,110.40018,110.423225,110.47706,110.549194,110.6254,110.6142,110.66434,110.73495,110.77955,110.83064,110.911385,110.98105,111.106735,111.06227,111.11839,111.18263,111.219475,111.2501,111.31084,111.401024,111.4824,111.45916,111.50367,111.58449,111.632256,111.68143,111.746315,111.80241,111.91577,111.85772,111.88235,111.90553,111.93026,111.95986,112.023735,112.117645,112.20378,112.16458,112.18009,112.22103,112.241104,112.260994,112.31308,112.35763,112.45206,112.391785,112.41815,112.45932,112.48827,112.50241,112.549164,112.61843,112.69487,112.66672,112.68968,112.74126,112.76319,112.775345,112.81672,112.86552,112.96093,112.88893,112.909225,112.939644,112.94985,112.9501,112.98284,113.05246,113.103645,113.07082,113.10365,113.16191,113.19482,113.22641,113.29861,113.335594,113.57115,113.3971,113.48551,113.31499,113.62971,113.2448,113.744064,113.67601
14,180.16177,179.93082,180.15994,180.32043,179.79857,179.24814,178.71956,178.6656,178.53809,178.19998,177.95044,177.79605,177.545,177.35336,177.14601,176.96785,176.81416,176.5244,176.31041,176.12302,175.89171,175.69637,175.49829,175.30861,175.17044,174.84644,174.63884,174.45389,174.21188,173.9916,173.75659,173.56732,173.3805,173.0635,172.81946,172.61172,172.35373,172.1205,171.88953,171.6727,171.50746,171.15694,170.9045,170.67427,170.40813,170.14125,169.86319,169.6398,169.41307,169.07837,168.81497,168.5931,168.32635,168.07484,167.83614,167.60738,167.42245,167.05154,166.78767,166.5466,166.26857,165.99432,165.71991,165.50407,165.27534,164.94101,164.66167,164.4064,164.12044,163.85748,163.60736,163.36517,163.15637,162.76558,162.4815,162.2215,161.92465,161.6428,161.3616,161.13843,160.90321,160.56793,160.29407,160.04813,159.76369,159.48622,159.21982,158.98225,158.77467,158.38582,158.09277,157.82149,157.52554,157.23914,156.95383,156.72629,156.48141,156.1423,155.8562,155.59933,155.30743,155.04492,154.80353,154.59158,154.39745,154.02237,153.74527,153.48555,153.19054,152.90788,152.6486,152.44203,152.19841,151.87364,151.59639,151.36522,151.11923,150.8623,150.59253,150.35707,150.17397,149.84232,149.6132,149.38065,149.12033,148.88086,148.65215,148.46909,148.2773,147.9974,147.77722,147.58243,147.35316,147.12367,146.91972,146.74661,146.6033,146.30408,146.0892,145.88376,145.67499,145.47128,145.28513,145.15108,144.97763,144.7053,144.49269,144.32411,144.13535,143.94063,143.77371,143.62479,143.51884,143.25867,143.08731,142.90938,142.70879,142.51332,142.35815,142.24701,142.1007,141.86353,141.67583,141.52153,141.34009,141.15425,140.98811,140.84926,140.7449,140.48897,140.3274,140.1685,139.98866,139.80844,139.65894,139.57753,139.46684,139.25766,139.08972,138.95723,138.8033,138.63196,138.47954,138.35403,138.27286,138.04361,137.90683,137.76799,137.61879,137.45908,137.32204,137.23288,137.10725,136.91023,136.76273,136.64095,136.49945,136.37161,136.26874,136.17453,136.10355,135.8522,135.70071,135.56787,135.4236,135.26457,135.1372,135.04544,134.9268,134.7221,134.57468,134.46826,134.33711,134.18504,134.06119,133.96191,133.898,133.69147,133.56238,133.43852,133.28499,133.13129,133.00952,132.93034,132.8195,132.62724,132.47217,132.34581,132.21054,132.07565,131.9789,131.89769,131.84573,131.6307,131.50252,131.37892,131.22658,131.05957,130.94174,130.87695,130.78429,130.59865,130.46324,130.3555,130.24065,130.11215,130.01344,129.87695,129.95111,129.63213,129.59204,129.29185,129.46857,128.93861,129.30089,129.13634
15,122.55532,122.25851,122.39974,122.44189,121.84411,121.21525,120.60602,120.5075,120.26722,119.8374,119.50238,119.262665,118.95933,118.704285,118.464554,118.27832,118.04636,117.73159,117.45319,117.22046,116.93716,116.67082,116.4048,116.14638,115.89943,115.548164,115.261765,114.98918,114.667206,114.34329,114.02719,113.76592,113.458824,113.09729,112.759735,112.44645,112.09881,111.75985,111.447784,111.170334,110.891266,110.47569,110.09676,109.76565,109.395355,109.033585,108.70352,108.42892,108.09801,107.70825,107.319916,106.96222,106.58319,106.21704,105.87148,105.57904,105.27289,104.82846,104.45653,104.13428,103.76677,103.39842,103.02583,102.722244,102.34296,101.90604,101.52156,101.192154,100.82492,100.443085,100.06529,99.73721,99.39725,98.94534,98.540924,98.14926,97.72702,97.32138,96.95764,96.66722,96.32257,95.92604,95.54522,95.201355,94.81288,94.41322,94.03874,93.731674,93.40836,92.966866,92.57136,92.229164,91.87622,91.509674,91.15685,90.88335,90.5435,90.17421,89.80703,89.45447,89.08579,88.72049,88.34227,88.02559,87.715324,87.28894,86.90825,86.552765,86.166756,85.7832,85.4233,85.15477,84.82248,84.43893,84.06114,83.743866,83.39727,83.04532,82.69893,82.412346,82.16261,81.78711,81.44457,81.12869,80.792564,80.45464,80.12498,79.86264,79.55298,79.2181,78.897514,78.60829,78.2919,77.979065,77.66933,77.40964,77.14328,76.754486,76.44011,76.16348,75.85643,75.55323,75.29354,75.07092,74.77869,74.44689,74.12962,73.84622,73.54559,73.234634,72.944595,72.71476,72.46944,72.12045,71.8203,71.54532,71.25008,70.959564,70.697235,70.47953,70.20587,69.898056,69.6096,69.36616,69.098785,68.81719,68.544754,68.314156,68.08801,67.75983,67.506805,67.27848,67.01448,66.74231,66.49254,66.31506,66.07572,65.78224,65.5027,65.26586,65.01828,64.78133,64.554924,64.33922,64.14081,63.836193,63.57333,63.356155,63.13196,62.887753,62.665962,62.500412,62.295284,62.039402,61.822376,61.625134,61.404636,61.19072,60.98842,60.821934,60.67497,60.40846,60.209984,60.023716,59.823116,59.605682,59.402092,59.268147,59.102547,58.882133,58.69052,58.529907,58.358887,58.17254,57.999855,57.86239,57.758896,57.52527,57.358902,57.218964,57.102997,56.964806,56.824394,56.74563,56.64016,56.460068,56.322655,56.212555,56.069954,55.941643,55.835373,55.746643,55.68876,55.516594,55.405487,55.304245,55.19371,55.079468,55.007988,54.96414,54.8985,54.750725,54.64717,54.57019,54.467415,54.371925,54.295708,54.24547,54.362175,54.117966,54.105827,53.814438,54.028824,53.522743,53.929695,53.7909
16,94.893425,94.78523,95.172424,95.4393,95.04822,94.62344,94.24187,94.31972,94.33626,94.13133,94.091965,94.098206,94.016754,93.97351,93.9664,93.982574,94.011604,93.934875,93.90036,93.89415,93.863434,93.85045,93.872444,93.89201,93.9767,93.87533,93.89217,93.93535,93.939896,93.97331,94.034645,94.11842,94.2258,94.19735,94.24945,94.32354,94.362595,94.41707,94.51257,94.57205,94.710266,94.677124,94.763176,94.85222,94.919426,95.0007,95.12949,95.26523,95.41155,95.44569,95.56444,95.703766,95.800186,95.911736,96.06297,96.19464,96.40471,96.43242,96.581474,96.734116,96.85213,96.97003,97.128365,97.28406,97.47429,97.54219,97.691605,97.87015,98.00787,98.158676,98.357445,98.51437,98.765594,98.83246,99.03419,99.22947,99.386444,99.575325,99.801956,100.00628,100.23003,100.30888,100.495804,100.69658,100.85861,101.03414,101.27549,101.491325,101.79397,101.86892,102.07792,102.30423,102.519226,102.722435,102.9628,103.18645,103.43654,103.579155,103.83975,104.10707,104.33868,104.5853,104.88868,105.12879,105.46266,105.587036,105.85754,106.126434,106.36337,106.59091,106.871414,107.13884,107.44902,107.633224,107.92908,108.23775,108.508575,108.794205,109.14203,109.42802,109.81697,109.99538,110.307396,110.60895,110.89404,111.16769,111.50194,111.82524,112.161865,112.36479,112.67882,112.99271,113.27217,113.55867,113.8911,114.186356,114.59367,114.78351,115.12428,115.44686,115.73092,116.00971,116.348434,116.6743,117.04799,117.269516,117.577354,117.88598,118.18651,118.48022,118.82202,119.12196,119.519646,119.70819,120.057526,120.4087,120.732544,121.04017,121.40241,121.74047,122.09948,122.33318,122.68379,123.03028,123.32714,123.62761,123.991196,124.29952,124.712395,124.901634,125.24428,125.56945,125.862976,126.15058,126.49408,126.819405,127.17183,127.37925,127.70379,128.03662,128.32396,128.62395,128.96524,129.2645,129.66231,129.85461,130.17137,130.48616,130.75827,131.02353,131.3478,131.67519,132.0521,132.25783,132.56801,132.87216,133.14676,133.42621,133.73358,134.00389,134.36685,134.52766,134.82489,135.10759,135.38405,135.65085,135.95758,136.26027,136.59172,136.78113,137.05473,137.32823,137.583,137.83583,138.13577,138.4007,138.75705,138.89943,139.17345,139.41307,139.65237,139.8746,140.14021,140.40616,140.7033,140.85146,141.1012,141.35446,141.5846,141.82645,142.11307,142.3458,142.6549,142.76129,142.99503,143.22601,143.4314,143.61572,143.83945,144.05464,144.29097,144.39703,144.59247,144.77457,144.94115,145.09966,145.32074,145.47974,145.89641,145.85617,146.10495,146.07822,146.53062,146.28584,146.93088,146.99927
17,148.96783,148.69852,148.8906,149.00063,148.43483,147.83675,147.28113,147.20966,147.02371,146.64575,146.36507,146.18608,145.906,145.66635,145.41472,145.21825,145.00912,144.69751,144.43443,144.21211,143.93945,143.66344,143.40602,143.18973,143.00627,142.6576,142.36926,142.10143,141.79573,141.49588,141.21106,140.97075,140.69972,140.34258,140.03474,139.76819,139.45985,139.15746,138.85603,138.59933,138.36208,137.99165,137.68767,137.39522,137.05336,136.70235,136.35938,136.08253,135.76392,135.35591,134.96706,134.6363,134.27032,133.91107,133.55475,133.23958,132.93372,132.49875,132.13475,131.79546,131.42886,131.06883,130.69617,130.40015,130.04993,129.62378,129.22202,128.8694,128.49397,128.1218,127.73743,127.40483,127.087074,126.65059,126.25814,125.910095,125.52088,125.12918,124.731155,124.39501,124.0206,123.58561,123.16524,122.7907,122.390656,121.99013,121.59786,121.27098,120.931114,120.48215,120.08801,119.70828,119.3036,118.89102,118.477905,118.13941,117.757256,117.33548,116.9214,116.55367,116.15229,115.7855,115.41513,115.08115,114.73432,114.247536,113.81587,113.42749,113.013824,112.595146,112.2001,111.88826,111.5102,111.07923,110.65844,110.27204,109.86328,109.45743,109.07213,108.73953,108.41007,107.95488,107.5443,107.17271,106.777145,106.3974,106.01758,105.696785,105.3153,104.89869,104.47554,104.113045,103.73649,103.359764,102.9976,102.68528,102.37157,101.94538,101.569916,101.22681,100.8616,100.50714,100.16124,99.884964,99.54298,99.15993,98.78424,98.4635,98.116135,97.757286,97.41269,97.10962,96.8076,96.382034,96.01161,95.68358,95.333855,94.96702,94.6127,94.3537,94.04033,93.68258,93.337425,93.02716,92.68286,92.329285,91.99287,91.71341,91.43402,91.02817,90.68526,90.36818,90.052895,89.73204,89.42174,89.19977,88.918816,88.58653,88.26633,87.98778,87.67967,87.38046,87.079765,86.830345,86.585846,86.222275,85.90947,85.63945,85.35556,85.05767,84.78193,84.57028,84.31749,84.02258,83.74002,83.49708,83.23711,82.982376,82.72418,82.49968,82.29205,81.97084,81.71823,81.477005,81.200325,80.92993,80.69352,80.53085,80.332184,80.0574,79.804504,79.57425,79.32701,79.0793,78.86609,78.683975,78.510414,78.22412,77.98895,77.77487,77.55153,77.323555,77.12326,76.97721,76.790665,76.54088,76.300415,76.11852,75.922676,75.72605,75.55913,75.42967,75.318726,75.08784,74.91987,74.78406,74.63054,74.46957,74.32437,74.22506,74.11107,73.923386,73.7672,73.64513,73.50343,73.37596,73.26615,73.16052,73.230156,72.94565,72.88064,72.553566,72.71944,72.174805,72.509705,72.312386
18,184.68997,184.49309,184.74606,184.93327,184.44029,183.91888,183.44263,183.41736,183.29413,183.00023,182.76309,182.65468,182.43732,182.26105,182.07649,181.9399,181.82458,181.60443,181.44733,181.31485,181.13898,180.94748,180.78891,180.63522,180.5627,180.32852,180.19318,180.07388,179.9121,179.7708,179.647,179.54958,179.46399,179.2825,179.1587,179.04146,178.91516,178.80785,178.70085,178.60385,178.57678,178.36314,178.22977,178.09766,177.94716,177.80069,177.69968,177.63004,177.58345,177.43747,177.3694,177.32346,177.236,177.15538,177.0921,177.02419,177.0224,176.84673,176.80164,176.77226,176.69795,176.62405,176.57867,176.54156,176.5256,176.38773,176.32611,176.2905,176.2301,176.17422,176.17288,176.15587,176.22682,176.11157,176.12398,176.13266,176.11415,176.1069,176.12964,176.15446,176.21078,176.16379,176.18007,176.21265,176.23628,176.27615,176.34929,176.40007,176.5257,176.46078,176.52667,176.59503,176.63316,176.66965,176.73572,176.80817,176.9274,176.91748,176.996,177.07898,177.12839,177.18602,177.27977,177.36542,177.52274,177.49188,177.60977,177.72536,177.79199,177.87744,178.04005,178.18544,178.36996,178.42676,178.5696,178.71579,178.8575,179.00746,179.19469,179.36644,179.6148,179.62836,179.77914,179.92368,180.05229,180.18262,180.34076,180.5134,180.738,180.8177,180.9895,181.1564,181.30312,181.47789,181.69472,181.87971,182.16351,182.24707,182.45079,182.64197,182.80127,182.96219,183.17847,183.3766,183.61554,183.72842,183.9527,184.16492,184.36066,184.56595,184.79468,184.99129,185.29845,185.39693,185.61931,185.84158,186.04504,186.24715,186.51416,186.7518,187.03561,187.16592,187.38605,187.62036,187.8334,188.04968,188.29428,188.49731,188.79343,188.88454,189.11652,189.33488,189.52675,189.70526,189.93138,190.16687,190.44737,190.5853,190.82938,191.05368,191.2673,191.47476,191.70882,191.90225,192.18869,192.27148,192.4997,192.72687,192.92241,193.10977,193.34108,193.57112,193.8419,193.95274,194.17061,194.37448,194.56046,194.76486,195.02127,195.24338,195.55789,195.6518,195.88264,196.09332,196.28165,196.47995,196.72345,196.93517,197.18307,197.29272,197.49567,197.68506,197.86545,198.04022,198.25278,198.44542,198.74661,198.81903,199.0227,199.21994,199.40114,199.59329,199.82243,200.03241,200.2591,200.33667,200.49554,200.67352,200.85184,201.01839,201.21692,201.39351,201.66772,201.72726,201.91624,202.09482,202.27583,202.4471,202.64238,202.82132,203.04958,203.11243,203.29385,203.48843,203.6607,203.80865,204.0347,204.18002,204.59851,204.51361,204.77753,204.71579,205.14243,204.88004,205.50955,205.55362
19,211.93909,211.67279,211.85986,212.01453,211.45026,210.8761,210.32147,210.22682,210.04503,209.68927,209.34814,209.2073,208.89024,208.6586,208.4001,208.17944,207.99942,207.68288,207.42758,207.21613,206.9469,206.6845,206.41107,206.15582,205.93542,205.5469,205.26578,205.02475,204.73961,204.4643,204.17575,203.93066,203.67453,203.31546,202.9998,202.71973,202.40793,202.09523,201.76883,201.47777,201.22488,200.80334,200.47049,200.18427,199.86945,199.55908,199.24265,198.98344,198.72327,198.35582,198.02347,197.69623,197.34264,197.02583,196.66885,196.34016,196.0692,195.63905,195.29416,194.97261,194.603,194.26526,193.90967,193.58914,193.25911,192.84541,192.48102,192.14308,191.77112,191.41107,191.04524,190.70325,190.37326,189.91313,189.52736,189.1557,188.74954,188.36096,187.96199,187.59256,187.16042,186.65799,186.22565,185.83168,185.39438,184.9808,184.56268,184.17943,183.82428,183.33054,182.92438,182.57141,182.17755,181.78865,181.37839,181.02016,180.61531,180.16127,179.74184,179.35362,178.9268,178.48929,178.02681,177.5852,177.17958,176.66345,176.23347,175.80751,175.34116,174.90016,174.47517,174.11047,173.69077,173.20973,172.76492,172.36893,171.90805,171.45575,171.01746,170.62709,170.23715,169.7284,169.27998,168.86334,168.42302,167.95975,167.50165,167.11302,166.66403,166.18329,165.72289,165.29701,164.84969,164.41687,163.97784,163.60042,163.23082,162.73325,162.3032,161.8761,161.42516,160.96843,160.53088,160.1893,159.78497,159.30229,158.82816,158.41148,158.01183,157.6311,157.24237,156.90256,156.56206,156.07239,155.65002,155.25894,154.83972,154.43022,154.03302,153.70517,153.30742,152.85013,152.42043,152.03738,151.63412,151.23639,150.85121,150.51405,150.20926,149.77162,149.37996,149.0217,148.62302,148.20798,147.8186,147.50568,147.14043,146.73668,146.33972,145.9851,145.60489,145.25793,144.92197,144.64203,144.37445,143.98953,143.67906,143.38177,143.05531,142.71051,142.39381,142.14037,141.82744,141.44635,141.08109,140.75914,140.44089,140.12924,139.80829,139.5412,139.30576,138.93951,138.64297,138.36948,138.0704,137.7615,137.47461,137.25171,137.00891,136.72423,136.46996,136.23502,135.97159,135.73323,135.51057,135.2964,135.10861,134.82428,134.61073,134.40851,134.18466,133.93813,133.7048,133.50706,133.28763,133.02695,132.77919,132.5788,132.36725,132.14264,131.93481,131.7704,131.62242,131.34596,131.14784,130.94069,130.73825,130.54549,130.3575,130.22748,130.07079,129.8263,129.61337,129.46678,129.2976,129.0887,128.91595,128.73534,128.75249,128.39932,128.31702,127.966675,128.05649,127.47832,127.78478,127.532745
